;filename;vecteur_image
0;Aabbey1-RachelSabathBeitHalachmiThreeModelsOfTorahOnCelebrating136;"[ 0.15882353  0.33529413  0.03529412 ...,  0.11764706  0.23333333
  0.43921569]"
1;Aabbey1-ShalomHartmanInstitutesInnovativeTheologyConference661;"[ 0.08602941  0.08602941  0.08578432 ...,  0.10171568  0.09534314
  0.0872549 ]"
2;Acnethai-414;"[ 0.00392157  0.00196078  0.00196078 ...,  0.00196078  0.00392157
  0.00980392]"
3;Acnethai-EP4HowToMakeUpForAcneFromBobbiBrown565;"[ 0.01482843  0.01292892  0.01531863 ...,  0.00606618  0.00416667
  0.00569853]"
4;Actorsandcrew-TheBigBreak844;"[ 0.00392157  0.00392157  0.00392157 ...,  0.00392157  0.00392157
  0.00392157]"
5;Akachan-XF3ARMYProjectPromo360;"[ 0.98823529  0.98823529  0.98823529 ...,  0.98823529  0.98823529
  0.98823529]"
6;Anglicantv-FCA2009ArchbishopVenables921;"[ 0.01372549  0.01017157  0.00919118 ...,  0.04264706  0.36102942
  0.03370098]"
7;Anglicantv-FCA2009BishopBenn159;"[ 0.01666667  0.01372549  0.01960784 ...,  0.04411765  0.36764705
  0.03137255]"
8;Anglicantv-FCA2009InterviewWithArchbishopJensenAndArchbishopVeneabl988;"[ 0.02671569  0.02279412  0.02303922 ...,  0.08553921  0.40073529
  0.07181372]"
9;Anglicantv-FCA2009RevRoberts569;"[ 0.01323529  0.0122549   0.0127451  ...,  0.03431373  0.36568627
  0.03039216]"
10;Barandide-CarmenTrailer259;"[ 0.03125658  0.05387657  0.18763739 ...,  0.01454647  0.51813436
  0.01047303]"
11;Barandide-PucciniMadameButterfly740;"[ 0.          0.03137255  0.01960784 ...,  0.17254902  0.11372549
  0.10980392]"
12;Bavc-GossipChismeDeborah157;"[ 0.1297068   0.12699953  0.12575071 ...,  0.15293609  0.12840062
  0.13396139]"
13;Bavc-GustavosStoryHistoriaDeGustavoIvonne893;"[ 0.07471766  0.07611123  0.06771291 ...,  0.06364059  0.0630914
  0.06105213]"
14;Bavc-MyPrinceCharmingMiPrincipeAzulVeronica726;"[ 0.00392157  0.00392157  0.00392157 ...,  0.00392157  0.00392157
  0.00392157]"
15;Bluecanoerecords-BlessYou868;"[ 0.00392157  0.00392157  0.00392157 ...,  0.00392157  0.00392157
  0.00392157]"
16;Bluecanoerecords-DatzIt241;"[ 0.00343137  0.00343137  0.00343137 ...,  0.01654412  0.01115196
  0.0127451 ]"
17;Bluecanoerecords-JosephPatrickMooreTalksAboutMilesDavis954;"[ 0.00392157  0.00392157  0.00392157 ...,  0.00392157  0.00392157
  0.00392157]"
18;Bluecanoerecords-NabilKhemir770;"[ 0.1894633   0.24101706  0.26207778 ...,  0.03840954  0.03752789
  0.04532279]"
19;Cariblifecentral-3EnergyGodElephantManMiamiDancehallConcert780;"[ 0.00299671  0.00299671  0.00299671 ...,  0.00103592  0.00103592
  0.00103592]"
20;Celluloidremix-Cellushape912;"[ 0.05883859  0.05884065  0.0588205  ...,  0.05524451  0.05898692
  0.03551086]"
21;ChefsLine-IsraeliCouscous910;"[ 0.56404716  0.56184131  0.55114889 ...,  0.63491118  0.61564034
  0.59171259]"
22;ChefsLine-KansasCityBarbecueSauce196;"[ 0.32957143  0.2935006   0.12662281 ...,  0.30986065  0.2420975
  0.08555023]"
23;ChefsLine-PastaFrittata697;"[ 0.34426665  0.34935707  0.3116433  ...,  0.42833436  0.41357592
  0.3321667 ]"
24;ChefsLine-SpicyLambBurgersWithRaita938;"[ 0.7893995   0.14411765  0.11173407 ...,  0.77071077  0.11991422
  0.07359069]"
25;Chuckm-SummerInTheCityACappella546;"[ 0.17222694  0.17838299  0.17441189 ...,  0.09682874  0.10149816
  0.09591898]"
26;ClaudeBesson-JOYEUXNOEL355;"[ 0.39203891  0.52407819  0.53130525 ...,  0.60938191  0.79091126
  0.65657866]"
27;ClaudeBesson-LesNewsDuCARGOClub218;"[ 0.07156863  0.06862745  0.06176471 ...,  0.01960784  0.26176471
  0.02941176]"
28;ClaudeBesson-ROCKAAGORA28012007188;"[ 0.00196078  0.00196078  0.00196078 ...,  0.00392157  0.00392157
  0.00392157]"
29;Clif-Episode1570;"[ 0.05882353  0.05882353  0.05882353 ...,  0.05882353  0.05882353
  0.05882353]"
30;CookingUpAStory-BackyardChickensTourDeCoops216;"[ 0.23344631  0.19825177  0.16725452 ...,  0.00747549  0.51971316
  0.0139974 ]"
31;CorrosionDC-MightyMikeSagaAndC365RadioCrashYour4thOfJulyParty655;"[ 0.20196079  0.06078431  0.29803923 ...,  0.00784314  0.02352941
  0.00784314]"
32;Coruway-BaldGuyOnClimateChange001743;"[ 0.00392157  0.00392157  0.00392157 ...,  0.01372549  0.01960784
  0.01372549]"
33;Craigleach21-MultiMovements433;"[ 0.16769302  0.17755821  0.15595895 ...,  0.15078124  0.15297182
  0.10338542]"
34;Crashsolo-OneMinuteSemiHomemadeMoneySavingMeals299;"[ 0.22941177  0.21470588  0.18039216 ...,  0.06176471  0.06372549
  0.08627451]"
35;Critter-InsanityWeek3Day3400;"[ 0.24705882  0.25882354  0.19215687 ...,  0.2         0.5411765
  0.16862746]"
36;Culinarymedia-ChefMarksQuickBitesBlackGarlic132;[ 0.23339461  0.24332108  0.21066177 ...,  0.29865196  0.2932598   0.2620098 ]
37;Culinarymedia-CMNVideoCocktailHourBasilMoTeato848;"[ 0.14313726  0.1509804   0.08431373 ...,  0.26078433  0.24901961
  0.20588236]"
38;Culinarymedia-CMNVideoDiscoveringColonialVirginia791;"[ 0.17578934  0.18142065  0.13489254 ...,  0.10570256  0.12250175
  0.08336115]"
39;Culinarymedia-CMNVideoForkInTheRoadPerSe357;"[ 0.37892157  0.28627452  0.35833332 ...,  0.15735294  0.18382353
  0.15245098]"
40;Culinarymedia-QuickBitesHawaiiKapaluaFarmsComposting226;"[ 0.04068628  0.05122549  0.03504902 ...,  0.04276961  0.05183823
  0.03615196]"
41;Culinarymedia-QuickBitesHawaiiMakawaoMushroomsMaui217;"[ 0.19705883  0.21470588  0.16323529 ...,  0.09117647  0.10980392
  0.08235294]"
42;Culinarymedia-QuickBitesWalesNationalBotanicGarden555;"[ 0.79123777  0.85349262  0.75330883 ...,  0.26697305  0.35116422
  0.15275735]"
43;CutthroatMolloy-AskScuurvy607;"[ 0.29769263  0.28476945  0.23510072 ...,  0.0846335   0.07917432
  0.07341069]"
44;CutthroatMolloy-VictorianBushfiresBenefitGigSUNMarch1stMonstrothic235Ed551;"[ 0.04858303  0.04904259  0.03017004 ...,  0.05797334  0.05558364
  0.04534314]"
45;CutthroatMolloy-WhatCouldBeBetter245;"[ 0.41176471  0.42352942  0.38039216 ...,  0.34901962  0.35294119
  0.37254903]"
46;Daterobertpattinson-RobertPattinsonInLoveShowersKristenStewartWithGifts930;"[ 0.34705883  0.43333334  0.00784314 ...,  0.00980392  0.02745098
  0.01568628]"
47;Davidleeking-djembe139;"[ 0.17254902  0.09803922  0.07254902 ...,  0.00784314  0.02352941
  0.00980392]"
48;Davidleeking-fun409;"[ 0.45686275  0.36666667  0.33725491 ...,  0.19411765  0.01568628
  0.18627451]"
49;Deepintosports-DeepIntoSportscom31109WorldBaseballClassicWatchIt345;"[ 0.80000001  0.85882354  0.8392157  ...,  0.01176471  0.51764709
  0.00392157]"
50;Deepintosports-DeepIntoSportscom41109LessonsFromNickAdenhart789;"[ 0.65882355  0.67843139  0.6901961  ...,  0.23921569  0.41568628
  0.29803923]"
51;Deepintosports-DeepIntoSportscom51909PlayoffLetdowns846;"[ 0.68627453  0.68235296  0.6156863  ...,  0.32941177  0.40000001
  0.45882353]"
52;DetrimentalInformati-BattleForTheTenCommandments529;"[ 0.47663933  0.50469029  0.49808189 ...,  0.51741701  0.49481395
  0.43497565]"
53;DigitalFrontiers-ApolloBeyondCh21Of21TheFinalSolution255;"[ 0.02928008  0.03974983  0.02424062 ...,  0.05396155  0.06927704
  0.04389391]"
54;Dinap830-GE17HeartOpeningStuff494;"[ 0.00392157  0.00392157  0.00392157 ...,  0.02352941  0.51764709
  0.01176471]"
55;Dinap830-GE22QuadsInnerHotness754;"[ 0.00392157  0.00392157  0.00392157 ...,  0.02352941  0.51556468
  0.01176471]"
56;Dinap830-GE26BindsThoseBlastedTraps955;"[ 0.00392157  0.00392157  0.00392157 ...,  0.02352941  0.39117646
  0.01176471]"
57;Dinap830-GE27CoreTransversusSixPack251;"[ 0.00392157  0.00392157  0.00392157 ...,  0.02352941  0.45343137
  0.01176471]"
58;Dinap830-GE32AlternatingNostrilsBrains976;"[ 0.00392157  0.00392157  0.00392157 ...,  0.02352941  0.51764709
  0.01176471]"
59;Dinap830-GE36EwLocusts586;"[ 0.00392157  0.00392157  0.00392157 ...,  0.02352941  0.51374084
  0.01176471]"
60;Dinap830-GE42ExercisesNotNice773;"[ 0.05882353  0.05882353  0.05882353 ...,  0.00796569  0.51170343
  0.00974265]"
61;Dinap830-GE50PostPartyTwist630;"[ 0.0041973   0.0041973   0.0041973  ...,  0.02354665  0.51546031
  0.01176471]"
62;Dinap830-GE54CockeyedTwistArr876;"[ 0.00392157  0.00392157  0.00392157 ...,  0.02352941  0.45343137
  0.01176471]"
63;Dinap830-GE75TwoGurusADoOver839;"[ 0.00392157  0.00392157  0.00392157 ...,  0.02352941  0.51373315
  0.01176471]"
64;Dinap830-GE84PitsOpenNoBlues628;"[ 0.00245098  0.00245098  0.00245098 ...,  0.025       0.51519608
  0.01176471]"
65;Dinap830-GE93AlmostAtPeakPoseStretches509;"[ 0.34074754  0.32279411  0.22999388 ...,  0.17129289  0.14984681
  0.09191176]"
66;Dinap830-GE96WallNStrapStretching900;"[ 0.28590685  0.27500001  0.19313726 ...,  0.00784314  0.49485293
  0.00968137]"
67;Dobro33H-CheapThrils651;"[ 0.19215687  0.19019608  0.1627451  ...,  0.12156863  0.12352941
  0.11764706]"
68;Drinkart-MakersMarkEggNogArtOfTheDrink51899;"[ 0.08523121  0.08483676  0.08602012 ...,  0.08365611  0.08383325
  0.07887829]"
69;Drinkart-SharkIceArtOfTheDrink67614;"[ 0.42532873  0.41172874  0.4324089  ...,  0.54175246  0.47328693
  0.43525416]"
70;Drinkart-SingaporeSlingArtOfTheDrink50269;"[ 0.19153768  0.17142358  0.13887076 ...,  0.11812136  0.10782402
  0.09805795]"
71;DrinkingWithBob-BritneySpearsIsGoingOnTour210;"[ 0.00392157  0.00392157  0.00392157 ...,  0.00392157  0.00392157
  0.00392157]"
72;Eclectone-HappyNewYearFromEclectoneRecords790;"[ 0.49411765  0.45882353  0.43921569 ...,  0.00784314  0.51764709
  0.01176471]"
73;EconomyInCrisis-AlternativeFuelsComeback948;"[ 0.07647059  0.08235294  0.09215686 ...,  0.0627451   0.07058824
  0.04509804]"
74;EconomyInCrisis-AmericasRoots430;"[ 0.07254902  0.08627451  0.09019608 ...,  0.06862745  0.07058824
  0.05098039]"
75;EconomyInCrisis-ASolutionToTheTradeDeficit674;"[ 0.04117647  0.04509804  0.05294118 ...,  0.0254902   0.02352941
  0.01372549]"
76;EconomyInCrisis-BailoutInfighting736;"[ 0.04313726  0.04313726  0.06666667 ...,  0.02745098  0.0254902
  0.03333334]"
77;EconomyInCrisis-EconomicIlliteracy922;"[ 0.03137255  0.03431373  0.04411765 ...,  0.07063036  0.02636336
  0.0245864 ]"
78;EconomyInCrisis-FallingUSTaxRevenue222;"[ 0.07647059  0.08039216  0.09019608 ...,  0.12843138  0.06372549
  0.07745098]"
79;EconomyInCrisis-FalseFlagsOfRecovery150;"[ 0.04509804  0.04509804  0.06078431 ...,  0.02156863  0.02352941
  0.02156863]"
80;EconomyInCrisis-FearsOfANewRecession436;"[ 0.04705882  0.04901961  0.05098039 ...,  0.02352941  0.02352941
  0.0254902 ]"
81;EconomyInCrisis-FinancialReform130;"[ 0.04117647  0.04901961  0.05294118 ...,  0.02352941  0.02352941
  0.02745098]"
82;EconomyInCrisis-FixingTheEconomy183;"[ 0.02156863  0.02156863  0.0372549  ...,  0.01568628  0.01764706
  0.00980392]"
83;EconomyInCrisis-FreeTradeAndTheClassWar750;"[ 0.04313726  0.04901961  0.06666667 ...,  0.0254902   0.02745098
  0.01960784]"
84;EconomyInCrisis-GMBankruptcy879;"[ 0.04313726  0.05098039  0.06470589 ...,  0.02352941  0.02352941
  0.01568628]"
85;EconomyInCrisis-JusticeSoutersRetirement978;"[ 0.0254902   0.02745098  0.02941176 ...,  0.17254902  0.02352941
  0.03921569]"
86;EconomyInCrisis-MadeInTheUSA595;"[ 0.04117647  0.05098039  0.05294118 ...,  0.02352941  0.0254902
  0.01764706]"
87;EconomyInCrisis-PatChoateGovernment846;[ 0.78039217  0.7647059   0.72156864 ...,  0.00392157  0.01176471  0.        ]
88;EconomyInCrisis-PotentialSolutions463;"[ 0.03333334  0.04019608  0.0382353  ...,  0.08921569  0.01470588
  0.02254902]"
89;EconomyInCrisis-RoubinisViewOfRecovery247;"[ 0.05098039  0.05098039  0.05882353 ...,  0.02352941  0.02156863
  0.02156863]"
90;EconomyInCrisis-TeslaMotors948;"[ 0.04313726  0.04705882  0.05294118 ...,  0.02352941  0.02156863
  0.02745098]"
91;EconomyInCrisis-TheAmericanDollar110;"[ 0.04313726  0.04313726  0.05686275 ...,  0.02156863  0.02156863
  0.01764706]"
92;EconomyInCrisis-TheCostOfFixingTheUS363;"[ 0.07156863  0.08529412  0.06470589 ...,  0.12352941  0.06372549
  0.05196078]"
93;EconomyInCrisis-TheEconomyIsWorseThanItAppears264;"[ 0.07647059  0.08431373  0.06372549 ...,  0.12352941  0.06176471
  0.05686275]"
94;EconomyInCrisis-TheFedTransparencyAct911;"[ 0.05294118  0.05294118  0.05882353 ...,  0.02352941  0.0254902
  0.01764706]"
95;EconomyInCrisis-TradeDeficitFallsForAllTheWrongReasons193;"[ 0.04313726  0.04117647  0.05882353 ...,  0.0254902   0.0254902
  0.01568628]"
96;EconomyInCrisis-WarrenBuffettInflationOnTheHorizon879;"[ 0.04313726  0.05098039  0.06470589 ...,  0.02156863  0.02352941
  0.01372549]"
97;Eddiedotcom-TheCandySong809;"[ 0.05490196  0.05098039  0.04264706 ...,  0.05245098  0.36372548
  0.03578432]"
98;Eduardoquezada-CarlosTheInternWinsSingingContest253;"[ 0.00392157  0.00392157  0.00392157 ...,  0.00392157  0.00392157
  0.00392157]"
99;Eduardoquezada-EduardoQuezadaEscandonEditorial419;"[ 0.02328431  0.02328431  0.02879902 ...,  0.01237745  0.01237745
  0.01507353]"
100;Eduardoquezada-QuerenciaCancionInterpretadaPorLosHnosQuezada599;"[ 0.00392157  0.00392157  0.00392157 ...,  0.00392157  0.00392157
  0.00392157]"
101;Eighthrs-HardLuck790;"[ 0.25294119  0.14705883  0.00196078 ...,  0.06470589  0.0372549
  0.01372549]"
102;Elinertv-CurtMegaAndLightInThePiazza111;"[ 0.07426471  0.05355392  0.04497549 ...,  0.34142157  0.35563725
  0.35882354]"
103;EngenderHealth-www3for1orgFromEngenderHealth990;"[ 0.76390046  0.77232939  0.7674132  ...,  0.78280896  0.84438527
  0.87019747]"
104;Etopianewsnow-EdwardBunkerOnTheSocialContractAndSlavery908;"[ 0.01078431  0.01078431  0.0127451  ...,  0.00784314  0.27156863
  0.00784314]"
105;Etopianewsnow-MarcLawrenceTalksAboutLongTimeNoSee175;"[ 0.04313726  0.04803922  0.04411765 ...,  0.00882353  0.26960784
  0.00882353]"
106;Etopianewsnow-MarcyWinograds2006CampaignSpot458;"[ 1.          1.          1.         ...,  0.29411766  0.49803922
  0.35294119]"
107;Etopianewsnow-RachelMcAdamsExpressesGratitudeToTechnologyAtAMPASTechA158;"[ 0.          0.          0.         ...,  0.04313726  0.01568628
  0.02352941]"
108;Fbchattiesburg-Miracle961;"[ 0.02352941  0.03039216  0.02401961 ...,  0.03235294  0.03284314
  0.02892157]"
109;Fbchattiesburg-OComeOCome735;"[ 0.68302697  0.73474264  0.74583334 ...,  0.19178921  0.21617647
  0.16403186]"
110;Fbchattiesburg-ThisIsOurGod551;"[ 0.51593137  0.52303922  0.40833333 ...,  0.46495098  0.44019607
  0.36348039]"
111;Fcumtv-CharlieOLoughlinChatsToFCUMTVAfterNantwichH130409932;"[ 0.03529412  0.03921569  0.02352941 ...,  0.00784314  0.52941179
  0.01176471]"
112;Fcumtv-FCUnitedVAshtonUnited250309THEGOALS940;"[ 0.00096795  0.00135091  0.001124   ...,  0.00782207  0.52903837
  0.01171205]"
113;Fcumtv-FCUnitedVBradfordParkAvenueNPL250409GOALS284;"[ 0.82169116  0.82179075  0.80317861 ...,  0.00846354  0.52325368
  0.00985754]"
114;Fcumtv-MOTMSamAshtonChatsToFCUMTVAfterNFerriby04_04_09397;"[ 0.0627451   0.06666667  0.03529412 ...,  0.00392157  0.51764709
  0.01568628]"
115;Fcumtv-NantwichFACInterviewKyleWilson752;"[ 0.22254902  0.23039216  0.24117647 ...,  0.00784314  0.27549019
  0.01078431]"
116;FinancialAidPodcas-2008SuperBowlXLIIAdFromTheStudentLoanNetwork346;"[ 0.00392157  0.00392157  0.00392157 ...,  0.01176471  0.50980395
  0.01568628]"
117;Francoventoso-2MarcoCalcinaroECarloDeSignoribusBluesOnTheRoad234;"[ 0.18039216  0.05490196  0.04313726 ...,  0.03529412  0.03137255
  0.02352941]"
118;Francoventoso-3CarloDeSignoribusEAltriBluesOnTheRoad581;"[ 0.38431373  0.15686275  0.07843138 ...,  0.0627451   0.0627451
  0.03137255]"
119;Francoventoso-francomorone6766;"[ 0.00686275  0.00735294  0.00612745 ...,  0.03186275  0.01495098
  0.00392157]"
120;Globaldyana-4thOfJulyInMexicoCityAtArroyoRestaurant253;"[ 0.69411767  0.5529412   0.20392157 ...,  0.84313726  0.71372551
  0.54509807]"
121;Golf-GolfTipLoosenUpTheGolfSwingAndStartFeeling469;"[ 0.03933823  0.04080882  0.0314951  ...,  0.00735294  0.48921567
  0.00821078]"
122;Golf-GolfTipStopTheThoughtProcessAndStartFeeling612;"[ 0.03970588  0.04019608  0.03602941 ...,  0.00759804  0.49350491
  0.00992647]"
123;Golf-PuttingOnFastGreens920;"[ 0.70746785  0.74247569  0.6607374  ...,  0.01467908  0.52336472
  0.00960382]"
124;Golf-QolfGameHighlight190;"[ 0.71847761  0.76568151  0.79351163 ...,  0.00789915  0.52456677
  0.00439118]"
125;Golf-YesDonnaPutter794;"[ 0.84810048  0.82984066  0.81571692 ...,  0.70971203  0.73281252
  0.71963847]"
126;GolfLifeTips-HitLongDrivesWithThisPowerTip197;"[ 0.78479588  0.84120756  0.89244324 ...,  0.01033924  0.52695012
  0.02100842]"
127;GolfLifeTips-TaylormadeTourBurnerDriverReview339;"[ 0.76299018  0.76078433  0.7595588  ...,  0.872549    0.83799022
  0.82034314]"
128;Gracebible-052409PMRememberPeopleOnMemorialDay592;[ 0.02352941  0.02352941  0.02352941 ...,  0.          0.01176471  0.        ]
129;Griotgreg-2009AcuraTLSHAWD834;"[ 0.44399509  0.50039828  0.56072307 ...,  0.21196385  0.24957108
  0.25188419]"
130;Griotgreg-2009VWTOUAREGTDI665;"[ 0.36617646  0.43088236  0.43676472 ...,  0.32352942  0.33137256
  0.36666667]"
131;Griotgreg-2010LexysHS250h753;"[ 0.68406862  0.687163    0.68094361 ...,  0.51461399  0.5432598
  0.62261027]"
132;Griotgreg-BentleyContientalGT224;"[ 0.71840531  0.72758502  0.68800169 ...,  0.52628678  0.5613243
  0.61964613]"
133;Griotgreg-HondaInsight305;"[ 0.66838235  0.70723039  0.66819853 ...,  0.43921569  0.45655638
  0.3641544 ]"
134;Griotgreg-NissanAltimaCoupe487;"[ 0.96289253  0.96282744  0.96275085 ...,  0.73035961  0.79473805
  0.96585667]"
135;Griotgreg-TheVeggieCar998;"[ 0.60188419  0.60093826  0.59922069 ...,  0.48559761  0.52103919
  0.60305893]"
136;Grollett-GRoUpdateOnRockForHungerFest3719;"[ 0.0627451   0.09411765  0.10588235 ...,  0.98431373  0.94901961
  0.95294118]"
137;Guidonia-DisabiliAGuidoniaMontecelio111;"[ 0.05490196  0.0627451   0.05882353 ...,  0.14117648  0.13725491
  0.08627451]"
138;Guidonia-LionsPubTivoliLocaleSalsaKaraokePianoBarVillaAdrian290;"[ 0.70980394  0.69411767  0.61960787 ...,  0.16862746  0.15294118
  0.10588235]"
139;Guidonia-LionsPubTivoliLocaleSalsaKaraokePianoBarVillaAdrian479;"[ 0.30686274  0.24901961  0.2009804  ...,  0.19019608  0.15882353
  0.14607844]"
140;Guidonia-LionsPubTivoliLocaleSalsaKaraokePianoBarVillaAdrian886;"[ 0.1509804   0.10392157  0.08431373 ...,  0.17058824  0.11372549
  0.08235294]"
141;Guidonia-palestraguidoniacollefiorito361;"[ 0.22352941  0.11764706  0.04509804 ...,  0.05490196  0.0627451
  0.07647059]"
142;GVTVNEWS-GVTVNews010308NCTV11Part2854;"[ 0.01360549  0.01203777  0.0176423  ...,  0.02784592  0.02695549
  0.02638014]"
143;GVTVNEWS-GVTVNews010508NCTV11Part2805;"[ 0.00423177  0.00428539  0.00428922 ...,  0.00431985  0.00432368
  0.00427007]"
144;GVTVNEWS-GVTVNews070307540;"[ 0.13414918  0.13558118  0.13792722 ...,  0.01514081  0.52988183
  0.0117705 ]"
145;GVTVNEWS-GVTVNews073108NCTV11557;"[ 0.00392157  0.00588235  0.         ...,  0.00196078  0.00196078
  0.00196078]"
146;GVTVNEWS-GVTVWeather072007743;"[ 0.24705882  0.22794117  0.1754902  ...,  0.13431373  0.13284314
  0.17205882]"
147;Heywood-EKGZZLiveMusicVideoCheapSunGlasses717;"[ 0.5529412   0.64313728  0.66666669 ...,  0.00784314  0.00784314
  0.00784314]"
148;Hrocus-BradKlippert400;"[ 0.56274509  0.52254903  0.36764705 ...,  0.03137255  0.26862746
  0.0254902 ]"
149;Hrocus-BruceDammeier493;"[ 0.57058823  0.59901959  0.59215689 ...,  0.03529412  0.27450982
  0.03333334]"
150;Hrocus-JanAngel693;"[ 0.0932598   0.06875     0.05661765 ...,  0.01617647  0.47365198
  0.01703431]"
151;Hrocus-JohnAhern223;"[ 0.06764706  0.04509804  0.02156863 ...,  0.00784314  0.27843139
  0.01176471]"
152;Hrocus-norma2891;"[ 0.73063725  0.77352941  0.8151961  ...,  0.14509805  0.20980392
  0.28210783]"
153;InnerBonding-UnderstandingAndOvercomingAddictions970;"[ 0.58823532  0.58823532  0.55686277 ...,  0.49803922  0.49803922
  0.46666667]"
154;Ironmanrecords-LastUnderTheSunNotInMyName2004Breizh383;"[ 0.25980392  0.25931373  0.23811275 ...,  0.04178922  0.05098039
  0.03333334]"
155;Ironmanrecords-LastUnderTheSunTheDon758;"[  3.92187247e-03   3.92263383e-03   3.92227015e-03 ...,   1.27706789e-06
   2.54831207e-06   3.66081554e-06]"
156;Jake-JeanMichelJarreOxygenePlayedByMeOnTheKeyboard480;"[ 0.06343587  0.06344928  0.06344736 ...,  0.09629098  0.09629098
  0.09629098]"
157;Jasonheath-BassByChrisThrelkeldWiegand763;"[ 0.11678921  0.11360294  0.07696079 ...,  0.4735294   0.46813726
  0.4509804 ]"
158;Jasonheath-BassForSaleContactToddMatthewsForDetails997;"[ 0.61960787  0.58431375  0.51764709 ...,  0.01176471  0.52156866
  0.01568628]"
159;Jasonheath-IanHallasPerformsBottesiniMvt1997;"[ 0.13431373  0.13627452  0.12352941 ...,  0.01862745  0.01960784
  0.02352941]"
160;Jasonheath-MyCrazyStandPartner806;"[ 0.16862746  0.16078432  0.11568628 ...,  0.1         0.0882353
  0.06470589]"
161;Jasonheath-RealitiesOfFulltimeFreelancing244;"[ 0.61666667  0.62450981  0.6009804  ...,  0.52941179  0.53333336
  0.52745098]"
162;JeffBrooks-CarCraftNationals2008CorvetteZ06181;"[ 0.0039223   0.00392241  0.00392242 ...,  0.02745097  0.50980395
  0.01568629]"
163;JeffBrooks-WelcomeToScreamFresh457;"[ 0.47843137  0.5529412   0.61960787 ...,  0.00784314  0.52941179
  0.00784314]"
164;JillForrest-YogaBabyEpisode21724;"[ 0.00392157  0.00392157  0.00392157 ...,  0.00392157  0.00392157
  0.00392157]"
165;JimCropcho-jimUglyBetty704;"[ 0.00392157  0.00392157  0.00392157 ...,  0.00392157  0.00392157
  0.00392157]"
166;Johnlieberman-FoodgangFrenchRestaurantMiamiBeachSurfsideReviewByJohnL624;"[ 0.05913057  0.05861773  0.05696939 ...,  0.02850098  0.02521329
  0.02537945]"
167;Johnlieberman-SpecchioItalianRestaurantMiamiBeachSurfsideReviewByJohn753;"[ 0.05447676  0.05868174  0.15861063 ...,  0.21156128  0.21425216
  0.28964898]"
168;KELLYTV-ANGELSANDDEMONSFEATURETTE369;"[  9.26474854e-02   3.43179889e-03   4.90622362e-04 ...,   1.12751620e-02
   5.24510682e-01   1.07849548e-02]"
169;KELLYTV-IFIWASYOURMANBYJOE111;"[ 0.01344646  0.01540722  0.01246609 ...,  0.00607796  0.00676206
  0.00548669]"
170;KELLYTV-LIFEAFTERDEATHJAMALWOODARDSOULSNATCHER818;"[ 0.00393737  0.00393832  0.00393784 ...,  0.00392205  0.51761591
  0.00784314]"
171;KELLYTV-PRECIOUSMOVIETRAILERBYTYLERPERRYNORRAH403;"[ 0.00388327  0.00388327  0.00388327 ...,  0.00690158  0.52647221
  0.01078485]"
172;KELLYTV-SOUTHERNENTERTAINMENTAWARDSVOTE4KANERIDIAMOND211;"[ 0.13824463  0.11252034  0.13728027 ...,  0.01180587  0.52157962
  0.01006218]"
173;Labambola-Teaser20DelVideobookDeCristinaDominguez639;"[ 0.00472466  0.00472454  0.00472466 ...,  0.00470084  0.00468457
  0.00470378]"
174;Lauraflanders-BillFletcherIranCommentaryOnGRITtv642;"[ 0.04509804  0.06470589  0.08235294 ...,  0.10196079  0.10392157
  0.11176471]"
175;Lauraflanders-CommentaryAlexCarlin716;"[ 0.00882353  0.00490196  0.01029412 ...,  0.00735294  0.0122549
  0.00637255]"
176;Lauraflanders-DavidSirotaAFunnyThingHappenedOnTheWayToDenver739;"[ 0.00784314  0.00980392  0.01176471 ...,  0.01176471  0.01176471
  0.01372549]"
177;Lauraflanders-DavidSirotaCountryFirst158;"[ 0.00931373  0.00980392  0.02009804 ...,  0.01176471  0.0122549
  0.01421569]"
178;Lauraflanders-DavidSirotaMakingGoliathWalk993;"[ 0.00784314  0.01078431  0.01176471 ...,  0.0127451   0.0127451
  0.01862745]"
179;Lauraflanders-FWordJuly72008594;[ 0.05098039  0.08235294  0.09019608 ...,  0.3137255   0.3137255   0.3137255 ]
180;Lauraflanders-GRITtvCommentaryBillFletcherOnBaseball408;"[ 0.09215686  0.11764706  0.15490197 ...,  0.20784314  0.20980392
  0.23333333]"
181;Lauraflanders-GRITtvCommentaryBrianJones977;"[ 0.03137255  0.03333334  0.02745098 ...,  0.13431373  0.13627452
  0.12745099]"
182;Lauraflanders-GRITtvCommentaryDavidSirotaOnJuly142008673;"[ 0.06127451  0.0622549   0.06421569 ...,  0.06813726  0.07058824
  0.07205883]"
183;Lauraflanders-GRITtvCommentaryDavidSirotaOnObamaAndCentrism866;"[ 0.00784314  0.01176471  0.01372549 ...,  0.01176471  0.00980392
  0.01078431]"
184;Lauraflanders-GRITtvCommentaryDedrickMuhammad775;"[ 0.02254902  0.0254902   0.0245098  ...,  0.03431373  0.07843138
  0.07745098]"
185;Lauraflanders-GRITtvCommentaryDoIHearABidForPatientDebt945;"[ 0.08235294  0.03921569  0.0627451  ...,  0.14117648  0.19215687
  0.26666668]"
186;Lauraflanders-GRITtvCommentaryHeidiBoghosian632;"[ 0.04215686  0.03921569  0.04215686 ...,  0.2         0.19803922
  0.20588236]"
187;Lauraflanders-GRITtvCommentaryJune232008546;"[ 0.02984069  0.02469363  0.01519608 ...,  0.29546568  0.24644607
  0.20588236]"
188;Lauraflanders-GRITtvCommentaryLauraFlandersOnDelMartinsPassing980;"[ 0.07107843  0.07352941  0.06813726 ...,  0.03333334  0.03039216
  0.02647059]"
189;Lauraflanders-GRITtvCommentaryMarthaBurk867;"[ 0.05098039  0.03921569  0.03529412 ...,  0.11372549  0.16470589
  0.16862746]"
190;Lauraflanders-GRITtvCommentaryMoniqueHarden9308247;"[ 0.04117647  0.04117647  0.04117647 ...,  0.07254902  0.07254902
  0.07254902]"
191;Lauraflanders-GRITtvCommentarySomeThingsThatNeverChange896;"[ 0.03333334  0.04313726  0.04803922 ...,  0.14411765  0.12843138
  0.13039216]"
192;Lauraflanders-GRITtvCommentaryTheFoodCrisis776;"[ 0.00784314  0.00784314  0.00784314 ...,  0.01960784  0.01960784
  0.01960784]"
193;Lauraflanders-GRITtvDavidBenderOnTheHillaryRFKFlap225;"[ 0.01176471  0.02156863  0.0254902  ...,  0.08235294  0.08627451
  0.07647059]"
194;Lauraflanders-GRITtvFeaturesRemixDISAPPOINTMENTStranahan875;"[ 0.03578432  0.04460784  0.04166667 ...,  0.04803922  0.04607843
  0.0377451 ]"
195;Lauraflanders-GRITtvFWordJuly92008321;"[ 0.0627451   0.08504902  0.08186275 ...,  0.25539216  0.23995098
  0.21960784]"
196;Lauraflanders-GRITtvPhyllisBennisCommentary874;"[ 0.06256127  0.06498162  0.06446078 ...,  0.08848039  0.08180147
  0.07778799]"
197;Lauraflanders-LiveFromMainstreet902;"[ 0.01960784  0.02745098  0.02156863 ...,  0.24901961  0.24509804
  0.22352941]"
198;Lauraflanders-TheFWordAugust112008131;"[ 0.02058824  0.02058824  0.02058824 ...,  0.04019608  0.04803922
  0.04509804]"
199;Lauraflanders-TheFWordAugust122008443;[ 0.00196078  0.00392157  0.00196078 ...,  0.          0.          0.        ]
200;Lauraflanders-TheFWordAugust132008181;[ 0.0127451   0.0127451   0.01470588 ...,  0.03627451  0.0382353   0.0372549 ]
201;Lauraflanders-TheFWordAugust142008569;"[ 0.08235294  0.09411765  0.08235294 ...,  0.09411765  0.11764706
  0.09411765]"
202;Lauraflanders-TheFWordAugust182008896;"[ 0.0196538   0.01973039  0.01980698 ...,  0.04286152  0.04286152
  0.04286152]"
203;Lauraflanders-TheFWordAugust192008478;"[ 0.01078431  0.01617647  0.01813726 ...,  0.04681373  0.06985294
  0.07843138]"
204;Lauraflanders-TheFWordAugust272008LiveFromDNC258;"[ 0.03431373  0.03137255  0.03333334 ...,  0.06764706  0.09362745
  0.12205882]"
205;Lauraflanders-TheFWordAugust282008LiveFromDNC679;"[ 0.02941176  0.04019608  0.03921569 ...,  0.08137255  0.11470588
  0.11568628]"
206;Lauraflanders-TheFWordAugust52008441;"[ 0.04313726  0.0372549   0.05098039 ...,  0.04901961  0.04901961
  0.05686275]"
207;Lauraflanders-TheFWordAugust72008ISOLATED484;"[ 0.01960784  0.02745098  0.03333334 ...,  0.04901961  0.05882353
  0.06470589]"
208;Lauraflanders-TheFWordJuly142008282;"[ 0.02843137  0.04117647  0.05196078 ...,  0.08333334  0.08333334
  0.08627451]"
209;Lauraflanders-TheFWordJuly162008867;"[ 0.05098039  0.05441177  0.06813726 ...,  0.22990195  0.24019608
  0.25343138]"
210;Lauraflanders-TheFWordJuly172008163;"[ 0.14852941  0.15588236  0.15245098 ...,  0.07254902  0.07450981
  0.08235294]"
211;Lauraflanders-TheFWordJuly22008710;"[ 0.02156863  0.02941176  0.03137255 ...,  0.18235295  0.16078432
  0.14509805]"
212;Lauraflanders-TheFWordJuly232008742;"[ 0.03216912  0.03290441  0.03670343 ...,  0.06268382  0.06838235
  0.07297794]"
213;Lauraflanders-TheFWordJuly242008216;"[ 0.00686275  0.01176471  0.0122549  ...,  0.05808824  0.07647059
  0.09754902]"
214;Lauraflanders-TheFWordJuly32008736;"[ 0.03284314  0.04754902  0.0504902  ...,  0.08578432  0.08578432
  0.09411765]"
215;Lauraflanders-TheFWordJuly92008224;"[ 0.0627451   0.08504902  0.08186275 ...,  0.25539216  0.23995098
  0.21960784]"
216;Lauraflanders-TheFWordMourningStephanieTubbsJonesAugust212008222;"[ 0.05906863  0.05974265  0.06011029 ...,  0.05686275  0.06182598
  0.07702206]"
217;Lauraflanders-TheFWordSeptember22008627;"[ 0.01960784  0.03529412  0.04411765 ...,  0.15196079  0.22254902
  0.25784314]"
218;Lauraflanders-TheFWordSeptember32008677;"[ 0.0802696   0.08370098  0.08590686 ...,  0.10416666  0.10490196
  0.10122549]"
219;Lauraflanders-TheFWordSeptember82008269;[ 0.03431373  0.03492647  0.03664216 ...,  0.05147059  0.0625      0.06384804]
220;Lauraflanders-TheFWordSeptember92008677;[ 0.10294118  0.11985294  0.12401961 ...,  0.09681372  0.1115196   0.125     ]
221;Lauraflanders-TheFWordTheEconomyOfGenerosity808;"[ 0.03921569  0.04313726  0.05490196 ...,  0.18431373  0.16470589
  0.17647059]"
222;Lauraflanders-TheFWordWhyIsntRoveInJail919;[ 0.14656863  0.14509805  0.14852941 ...,  0.0627451   0.0627451   0.0627451 ]
223;Lauraflanders-TheFWordWhyObamaNeedsANewDealAugust42008168;"[ 0.02745098  0.04117647  0.04019608 ...,  0.36764705  0.41764706
  0.2009804 ]"
224;Legourmettv-1860BeerBrewingPart3901;"[ 0.14964731  0.13973229  0.1093074  ...,  0.2601063   0.23489562
  0.21869488]"
225;Legourmettv-BraisedVealInStout230;"[ 0.14362986  0.12577882  0.10931193 ...,  0.15645999  0.16573781
  0.14862509]"
226;Legourmettv-CajunSpiceRubRecipe979;"[ 0.1678036   0.34717301  0.39167506 ...,  0.03275218  0.03913574
  0.03653062]"
227;Legourmettv-CleaningMussels450;"[ 0.02228377  0.03618429  0.03974412 ...,  0.01915547  0.03452349
  0.03850538]"
228;Legourmettv-CuminSaladDressingRecipe423;"[ 0.03602941  0.05340074  0.0549326  ...,  0.03039216  0.04681373
  0.04895834]"
229;Legourmettv-HotAndSpicyGrillRub861;"[ 0.1637657   0.26360676  0.28189337 ...,  0.2273246   0.24387638
  0.23180147]"
230;Legourmettv-HowToMakeAGrahamCrackerCrust902;"[ 0.08210397  0.11044744  0.11092038 ...,  0.08351354  0.12331073
  0.12457129]"
231;Legourmettv-HowToMakeEggMeringue127;"[ 0.18011375  0.23615697  0.2429519  ...,  0.15469472  0.23323618
  0.24095844]"
232;Legourmettv-MontrealSteakSpiceRecipe377;"[ 0.15139399  0.33154106  0.38164827 ...,  0.02336091  0.02954963
  0.03048407]"
233;Legourmettv-PEIFoodFestivals124;"[ 0.22596005  0.24441397  0.23630969 ...,  0.09055582  0.1140084
  0.11765041]"
234;Legourmettv-RibNChickenSpiceRubRecipe479;"[ 0.1922164   0.33380461  0.35989755 ...,  0.09835115  0.10417223
  0.10528284]"
235;Lhgreene-RogueOperasLaBohemePromoVideo466;"[ 0.13725491  0.10980392  0.10588235 ...,  0.00392157  0.51372552
  0.01176471]"
236;Libationblog-CucumberCupCocktailRecipe810;"[ 0.27786458  0.23984376  0.18691789 ...,  0.20160845  0.47477022
  0.13092831]"
237;Libationblog-JDSmoothieDrink389;"[ 0.51078051  0.51510036  0.4949142  ...,  0.20498621  0.53893226
  0.20044424]"
238;Livingasiachannel-DTCCIDSFCOMPETITION190;[ 0.04313726  0.00196078  0.         ...,  0.          0.00196078  0.        ]
239;Livingasiachannel-DTCCIDSFCOMPETITION980;"[ 0.05098039  0.02745098  0.03529412 ...,  0.01176471  0.00392157
  0.02352941]"
240;Lorenzosmusic-DrinkinByMyselfLorenzosMusic722;"[ 0.29157004  0.22598192  0.18533891 ...,  0.1765649   0.14696038
  0.11309816]"
241;Luukdiphoorn-InternationalWaterHouseWithoutWater460;"[ 0.39531249  0.43250611  0.42759651 ...,  0.00804228  0.51590073
  0.00905331]"
242;Maqex-AmorDeMadreLuisEnriqueMejaGodoy431;"[ 0.00539216  0.00539216  0.00539216 ...,  0.00710784  0.00710784
  0.00710784]"
243;Marcdavid-BurnTheFatInnerCircleVideoTour518;"[ 0.10975724  0.1450382   0.22343498 ...,  0.90552747  0.90555364
  0.90559101]"
244;Marquisdejolie-IWasOnSteroids803;"[ 0.12205882  0.09362745  0.03700981 ...,  0.1004902   0.09460784
  0.0247549 ]"
245;Marquisdejolie-PennyArcadeOfMyEarlyStuff522;"[ 0.6421575   0.64215779  0.64215744 ...,  0.00465707  0.51985264
  0.00857831]"
246;Marquisdejolie-VALiars489;"[ 0.44314978  0.43138272  0.36471465 ...,  0.00784317  0.52156842
  0.0117648 ]"
247;Marquisdejolie-VisitingTheShelterPart3147;[ 0.72628677  0.68229169  0.63425243 ...,  0.01145833  0.513174    0.00428922]
248;Mcusa-ArmorOfGod942;"[ 0.12696078  0.11568628  0.10343137 ...,  0.16176471  0.13578431
  0.12745099]"
249;Mdtmusic-InTheNameOfTheFamilySuite496;"[ 0.05882353  0.05882353  0.05882353 ...,  0.05882353  0.05882353
  0.05882353]"
250;Mdtmusic-Salvation491;"[ 0.05882353  0.05882353  0.05882353 ...,  0.05882353  0.05882353
  0.05882353]"
251;Mdtmusic-SpaceAce273;"[ 0.05882353  0.05882353  0.05882353 ...,  0.05882353  0.05882353
  0.05882353]"
252;Mediagrouptv-CircuitoOff2008Day01OpeningParty179;"[ 0.13673086  0.0901831   0.08162115 ...,  0.16523793  0.1214211
  0.10918236]"
253;Mediagrouptv-SecondSexeTintoBrassKickTheCockCircuitoOff2008Day04684;"[ 0.1718405   0.16758424  0.16780423 ...,  0.14442661  0.13703004
  0.13632578]"
254;MeetCleaverTheatre-MCTBlackSheep339;"[ 0.13238342  0.11473635  0.1206187  ...,  0.00784314  0.51862746
  0.01029412]"
255;MeetCleaverTheatre-MCTTribulation99ZELDA494;"[ 0.35871759  0.36188522  0.34606862 ...,  0.00490841  0.51479143
  0.00784425]"
256;Menomenation-NoahGundersenJesusJesusLiveTheRedRoom3152009756;"[ 0.00392157  0.00392157  0.00392157 ...,  0.00784314  0.52549022
  0.01568628]"
257;Microdac-Birds199;"[ 0.07058824  0.07352941  0.06470589 ...,  0.08039216  0.42254901
  0.08235294]"
258;Mode2-LeeveyILikeLove494;"[ 0.01862745  0.01568628  0.01617647 ...,  0.03308824  0.0247549
  0.02352941]"
259;Mtaatv-AYFeatAvrilLeoRemix882;"[ 0.00147011  0.00147011  0.00147011 ...,  0.00392109  0.00392109
  0.00392109]"
260;Mtaatv-CannibalIWish186;"[ 0.00394287  0.00394227  0.00394072 ...,  0.00392145  0.00392169
  0.00392157]"
261;Mtaatv-WyreSheSayDat487;"[ 0.00343137  0.00441176  0.00392157 ...,  0.00343137  0.00441176
  0.00392157]"
262;Muzik4machines-MuddyMilfshakeMuzik4MachinesNewRoomIMovie743;"[ 0.24681798  0.21455605  0.18646055 ...,  0.41779804  0.3639755
  0.31504419]"
263;Nerdgasmic-BattlestarGalacticaRevelations479;"[ 0.34509805  0.37254903  0.21568628 ...,  0.32843137  0.33235294
  0.20784314]"
264;Newsdate2011-Episode1ADevilOnMyDesk541;"[ 0.00254265  0.00312476  0.01092194 ...,  0.00775434  0.5235306
  0.01057105]"
265;NickDutch-AGhostStory421;"[ 0.52450979  0.41176471  0.22843137 ...,  0.11568628  0.49901959
  0.04509804]"
266;NickDutch-FreeTarotReadings127;"[ 0.53871137  0.55746651  0.48382851 ...,  0.58963132  0.60793251
  0.55009335]"
267;NickDutch-FreeTarotReadings262;"[ 0.00392157  0.00392157  0.00392157 ...,  0.17254902  0.19215687
  0.20392157]"
268;NickDutch-FreeTarotReadings291;[ 0.32941177  0.32941177  0.21176471 ...,  0.16470589  0.42745098  0.        ]
269;NickDutch-FreeTarotReadings465;"[ 0.25098041  0.40000001  0.3019608  ...,  0.01960784  0.53725493
  0.02745098]"
270;NickDutch-FreeTarotReadings781;"[ 0.3019608   0.34191176  0.26740196 ...,  0.09852941  0.38112745
  0.09362745]"
271;NickDutch-TheTarotShowWithNickDutch435;"[ 0.13725491  0.3245098   0.26568627 ...,  0.05        0.4362745
  0.15882353]"
272;NickDutch-TheTarotShowWithNickDutch513;"[ 0.23529412  0.40000001  0.22352941 ...,  0.00392157  0.50980395
  0.00784314]"
273;NickDutch-TheTarotShowWithNickDutch568;"[ 0.25098041  0.40784314  0.25882354 ...,  0.00392157  0.50980395
  0.00392157]"
274;Nitaai-00001EveryActionHasReaction589;"[ 0.29803923  0.29803923  0.29803923 ...,  0.00392157  0.00392157
  0.00392157]"
275;Nitaai-00001SoundVibration952;"[ 0.24313726  0.2764706   0.28039217 ...,  0.00392157  0.00392157
  0.00392157]"
276;Nitaai-00003JanuKunda829;"[ 0.9254902   0.94509804  0.49019608 ...,  0.91764706  0.93725491
  0.51764709]"
277;Nitaai-0004GundichaMarjanaPastime1525;[ 1.  1.  1. ...,  1.  1.  1.]
278;Nitaai-02AllPotenciesinHolyName292;"[ 0.80392158  0.75686276  0.36470589 ...,  0.75686276  0.60784316
  0.35686275]"
279;Nitaai-07Rathayatra981;"[ 0.00505515  0.00620404  0.00508578 ...,  0.01141238  0.5184896
  0.01580882]"
280;Oneteaaweek-OneTeaAWeekIntroductionVideoPodcast418;"[ 0.23688726  0.24889706  0.19877452 ...,  0.07904412  0.12708333
  0.04718137]"
281;Opiatefilms-BasketcaseActionscifiWebseriesPilot459;"[ 0.34434223  0.39142221  0.37063143 ...,  0.01853658  0.48381647
  0.01336566]"
282;Opiatefilms-SimonEmilyFHTAPromoHQ175;"[ 0.00939618  0.00984341  0.00820001 ...,  0.00979231  0.00999074
  0.01168009]"
283;Palau-PortlandCityFestPromo682;"[ 0.10543153  0.08502712  0.09204305 ...,  0.00273737  0.52665907
  0.00668945]"
284;Palau2-PortlandCityCouncilMeetingNickFishCommentsOnSeasonOfSe206;"[  2.60416674e-03   1.99142168e-03   1.96078443e-03 ...,   6.12745134e-05
   5.17616451e-01   1.17034316e-02]"
285;Palau2-SeasonOfServiceOverviewForCatalyst393;"[ 0.03948358  0.06731969  0.09254353 ...,  0.01718852  0.49204728
  0.01785019]"
286;Patrizio_m-50CentFeatJustinTimberlakeAyoTechnologyPatrizioMarchesa792;"[ 0.01078431  0.0127451   0.00588235 ...,  0.04852941  0.04901961
  0.04215686]"
287;PDXK-CyclocrossCrusadeAlpenroseRacePromo841;"[ 0.29528186  0.29374999  0.30618873 ...,  0.27855393  0.29117647
  0.2797794 ]"
288;PDXK-DrillBabyDrillAtTheRNC569;"[  3.92160704e-03   3.92160891e-03   3.92160844e-03 ...,   3.82290075e-08
   3.57852414e-08   3.35035182e-08]"
289;Petepo-DriveLessSaveMoreInfomercial904;"[ 0.00376838  0.00413603  0.00395221 ...,  0.00413603  0.00413603
  0.00413603]"
290;Plus1tv-BarcraftTrailer801;"[ 0.00606618  0.00765931  0.00686275 ...,  0.03872549  0.3644608
  0.03492647]"
291;Poetminor158-BllyLittleInterview663;"[ 0.00392157  0.00392157  0.00392157 ...,  0.24369639  0.06508119
  0.0568704 ]"
292;Poetminor158-ElderJosephLTolton322;"[ 0.24705882  0.25        0.21960784 ...,  0.05392157  0.04607843
  0.03333334]"
293;Poetminor158-ReverendJamaulRoots260;"[ 0.37549019  0.37549019  0.37549019 ...,  0.12696078  0.12941177
  0.12058824]"
294;Poetminor158-ThePoetOfTheMillenium230;"[ 0.18235295  0.1637255   0.14705883 ...,  0.12352941  0.09607843
  0.09215686]"
295;Politicallunch-PoliticalLunch011508597;"[ 0.00575885  0.00551471  0.0252451  ...,  0.03546262  0.35707146
  0.03156403]"
296;Politicallunch-PoliticalLunch022108ThursdaySnack106;"[ 0.00424588  0.00426937  0.00426326 ...,  0.03927006  0.36867657
  0.03533619]"
297;Politicallunch-PoliticalLunch022908795;"[ 0.00403519  0.00403289  0.00400281 ...,  0.03924419  0.36865377
  0.03532119]"
298;Politicallunch-PoliticalLunch031108TuesdaySnack693;"[ 0.00733423  0.00743797  0.00679475 ...,  0.03921254  0.36860466
  0.03530011]"
299;Politicallunch-PoliticalLunch031808TuesdaySnack327;"[ 0.00537169  0.00573527  0.00573814 ...,  0.03921569  0.36861861
  0.03529532]"
300;Politicallunch-PoliticalLunch032508TuesdaySnack271;"[ 0.00449373  0.00454203  0.00456093 ...,  0.03921569  0.36862373
  0.03529425]"
301;Politicallunch-PoliticalLunch040908974;"[ 0.00398055  0.00397557  0.00396765 ...,  0.03923521  0.36472425
  0.03139266]"
302;Politicallunch-PoliticalLunch041008GayRightsThursdaySnack297;"[ 0.03261049  0.03273351  0.03198386 ...,  0.04434839  0.37360889
  0.04031911]"
303;Politicallunch-PoliticalLunch041508TaxDaySpecial648;"[ 0.01069623  0.01069623  0.01069623 ...,  0.03950004  0.36884874
  0.0356401 ]"
304;Politicallunch-PoliticalLunch042108930;"[ 0.00392614  0.00392675  0.00392609 ...,  0.03921631  0.36862776
  0.03529467]"
305;Politicallunch-PoliticalLunch042408ThursdaySnack939;"[ 0.01599696  0.01694671  0.01849006 ...,  0.03921952  0.36856952
  0.03527976]"
306;Politicallunch-PoliticalLunch042508736;"[ 0.00394051  0.00394083  0.00394071 ...,  0.03922156  0.36863339
  0.03529992]"
307;Politicallunch-PoliticalLunch042908TuesdaySnack650;"[ 0.0339389   0.0339389   0.0339389  ...,  0.03953259  0.36880672
  0.03567661]"
308;Politicallunch-PoliticalLunch050608PrimaryTuesdaySnack577;"[ 0.31715685  0.29044119  0.25196078 ...,  0.17990196  0.47794119
  0.10735294]"
309;Politicallunch-PoliticalLunch050808MichiganSnack528;"[ 0.05988051  0.06021753  0.06089154 ...,  0.0509421   0.3725538
  0.03917452]"
310;Politicallunch-PoliticalLunch051308111;"[ 0.09658395  0.09413297  0.07942709 ...,  0.03921569  0.3677313
  0.03529412]"
311;Politicallunch-PoliticalLunch052708875;"[ 0.00392631  0.00392755  0.00392931 ...,  0.03922976  0.36864102
  0.03530745]"
312;Politicallunch-PoliticalLunch081208TuesdaySnack407;"[ 0.07051069  0.07051355  0.07050686 ...,  0.04311715  0.35679764
  0.02759364]"
313;Politicallunch-PoliticalLunch090608BrunchSpecial10Lessons852;"[  1.92740936e-05   1.34402080e-05   1.11542167e-05 ...,   3.13772112e-02
   3.56865525e-01   2.35326327e-02]"
314;Politicallunch-PoliticalLunch090908TuesdaySnack967;"[ 0.00393186  0.00393186  0.00393186 ...,  0.03925135  0.36865869
  0.03531853]"
315;Politicallunch-PoliticalLunch092308150StrategySnack991;"[ 0.00392184  0.00392185  0.00392183 ...,  0.03921574  0.36862752
  0.03529417]"
316;Politicallunch-PoliticalLunch093008BailoutBillBlameGameSnack740;"[ 0.04779418  0.04790293  0.04815001 ...,  0.04707678  0.36088172
  0.03541463]"
317;Politicallunch-PoliticalLunch100208VPDebateSnack646;"[ 0.00392187  0.00392187  0.00392187 ...,  0.03921638  0.36862803
  0.03529474]"
318;Politicallunch-PoliticalLunch100708TuesdaySnack145;"[ 0.02622549  0.0247549   0.02095588 ...,  0.04396446  0.37267157
  0.03979779]"
319;Politicallunch-PoliticalLunch101408ProtectingYourVote472;"[ 0.00441847  0.00466536  0.00483219 ...,  0.03925997  0.36864719
  0.03534271]"
320;Politicallunch-PoliticalLunch102108TuesdaySnack635;"[ 0.03275505  0.03275505  0.03275505 ...,  0.03920037  0.36840725
  0.03529412]"
321;Politicallunch-PoliticalLunch112007TuesdaySnack438;"[ 0.00446227  0.00451352  0.0046156  ...,  0.03583865  0.35739902
  0.03193602]"
322;PrivateLessons-PrivateLessonscomSoundbitesNewYorkSingerJacquelynFamilant367;"[ 0.20392157  0.20784314  0.25098041 ...,  0.0627451   0.05882353
  0.02352941]"
323;PrivateLessons-PRIVATELESSONSSoundbitesReneeSaxonPhoenixVoice206;"[ 0.04313726  0.03921569  0.02352941 ...,  0.03137255  0.02352941
  0.02745098]"
324;Publicdomain-advertisment_aurora_drag_race_set681;"[ 0.00393689  0.00393689  0.00393689 ...,  0.00393689  0.00393689
  0.00393689]"
325;Publicdomain-advertisment_baggies_plastic_bags573;"[ 0.00392157  0.00392157  0.00392157 ...,  0.00392157  0.00392157
  0.00392157]"
326;Publicdomain-advertisment_crest_toothpaste800;"[ 0.00294118  0.00294118  0.00294118 ...,  0.00294118  0.00294118
  0.00294118]"
327;Publicdomain-advertisment_crest_toothpaste_1310;"[ 0.00563726  0.00563726  0.00563726 ...,  0.00416667  0.00416667
  0.00416667]"
328;Publicdomain-advertisment_folgers_coffee_10207;"[ 0.00392157  0.00392157  0.00392157 ...,  0.00392157  0.00392157
  0.00392157]"
329;Publicdomain-advertisment_folgers_coffee_5754;"[ 0.00386029  0.00386029  0.00386029 ...,  0.00398284  0.00398284
  0.00398284]"
330;Publicdomain-advertisment_folgers_coffee_8927;"[ 0.00389093  0.00389093  0.00389093 ...,  0.00389093  0.00389093
  0.00389093]"
331;Publicdomain-advertisment_ge_bender408;"[ 0.00392157  0.00392157  0.00392157 ...,  0.00392157  0.00392157
  0.00392157]"
332;Publicdomain-advertisment_ivory_soap497;"[ 0.00392923  0.00392923  0.00392923 ...,  0.00392923  0.00392923
  0.00389859]"
333;Publicdomain-advertisment_jet_national563;"[ 0.00415901  0.00415901  0.00415901 ...,  0.00415901  0.00415901
  0.00415901]"
334;Publicdomain-advertisment_mennen_baby_magic442;"[ 0.00392157  0.00392157  0.00392157 ...,  0.00392157  0.00392157
  0.00392157]"
335;Publicdomain-advertisment_newport_cigarettes_1259;"[ 0.00428922  0.00428922  0.00428922 ...,  0.00379902  0.00428922
  0.00355392]"
336;Publicdomain-advertisment_newport_cigarettes_3657;"[ 0.00343137  0.00343137  0.00343137 ...,  0.00343137  0.00343137
  0.00343137]"
337;Publicdomain-advertisment_new_port_cigarettes_5531;"[ 0.00686275  0.00686275  0.00686275 ...,  0.00392157  0.00392157
  0.00196078]"
338;Publicdomain-advertisment_norelco_shaver677;"[ 0.00490196  0.00490196  0.00490196 ...,  0.00490196  0.00490196
  0.00490196]"
339;Publicdomain-advertisment_oldsmobile_2707;"[ 0.00196078  0.00196078  0.00196078 ...,  0.00196078  0.00196078
  0.00196078]"
340;Publicdomain-advertisment_sunbeam_bread_1400;"[ 0.00040906  0.00040906  0.00040906 ...,  0.00043969  0.00056224
  0.00043969]"
341;Publicdomain-advertisment_sunbeam_bread_4359;"[ 0.00096507  0.00096507  0.00096507 ...,  0.00096507  0.00096507
  0.00096507]"
342;Publicdomain-advertisment_sunbeam_bread_6984;"[ 0.00686275  0.00686275  0.00686275 ...,  0.00392157  0.00392157
  0.00392157]"
343;Publicdomain-advertisment_sunbeam_bread_8815;"[ 0.00588235  0.00588235  0.00539216 ...,  0.00465686  0.00465686
  0.00465686]"
344;Publicdomain-advertisment_sunbeam_bread_9274;"[ 0.00416667  0.00416667  0.00416667 ...,  0.00416667  0.00416667
  0.00416667]"
345;Publicdomain-advertisment_tide619;"[ 0.00389093  0.00389093  0.00389093 ...,  0.00389093  0.00389093
  0.00389093]"
346;Publicdomain-advertisment_us_steel_1373;"[ 0.00382966  0.00382966  0.00382966 ...,  0.00389093  0.00389093
  0.00389093]"
347;Publicdomain-advertisment_vicks_ny_quil298;"[ 0.00392157  0.00392157  0.00392157 ...,  0.00392157  0.00392157
  0.00392157]"
348;Publicdomain-advertisment_vitalis876;"[ 0.27843139  0.28627452  0.27450982 ...,  0.00784314  0.51372552
  0.00784314]"
349;Publicdomain-humorous_funny_faces_1906278;"[  2.24650467e-08   7.84311444e-03   3.06597212e-05 ...,   7.72058824e-03
   5.15563965e-01   6.34999806e-03]"
350;QueerAsFaith-MyLifeIsInYou910;"[ 0.0053845   0.0053845   0.0053845  ...,  0.02745098  0.35294119
  0.0290288 ]"
351;Repgeorgemiller-CongressPassesLandmarkEnergyBill633;"[  6.61962185e-05   2.25291533e-05   3.18489838e-05 ...,   3.93094821e-03
   3.92032694e-03   3.91709572e-03]"
352;ReViewMe-FunStuffMyDogLibby508;[ 0.34901962  0.37254903  0.36470589 ...,  0.19215687  0.2         0.1882353 ]
353;ReViewMe-LongAnimeSeriesRant505;"[ 0.00392157  0.00392157  0.00392157 ...,  0.00392157  0.00392157
  0.00392157]"
354;ReViewMe-ReViewMeEpisode11TwoForOneTwilightBookAndMovieReview756;"[ 0.05882353  0.05882353  0.05882353 ...,  0.05882353  0.05882353
  0.05882353]"
355;ReViewMe-ReViewMeEpisode14SkilletAwakeAlbumDeluxeEdition473;"[ 0.05882353  0.05882353  0.05882353 ...,  0.05882353  0.05882353
  0.05882353]"
356;ReViewMe-TsubasaReservoirChronicleVolumes16Unboxing339;"[ 0.39215687  0.35686275  0.24313726 ...,  0.01960784  0.01960784
  0.01960784]"
357;Rhayes-Refresh08TuesdayMorning600;"[ 0.00456495  0.00462623  0.00462623 ...,  0.01265319  0.01265319
  0.01265319]"
358;Rhayes-TheFoundationForEvangelismWhatWeFund393;"[ 0.98296571  0.97729778  0.97190565 ...,  0.97558212  0.98241419
  0.97542894]"
359;Rmc-BusLaneWithParkingSpaces977;"[ 0.12156863  0.03921569  0.05098039 ...,  0.00784314  0.00784314
  0.00784314]"
360;Robmumble-QManPromo445;"[ 0.0627451   0.0627451   0.0627451  ...,  0.00784314  0.51764709
  0.00784314]"
361;Runadun-2008AnEggOdyssey534;"[ 0.          0.00784314  0.         ...,  0.00784314  0.50894606
  0.00784314]"
362;RVO174-Episode17Persimmons850;"[ 0.10339308  0.09645566  0.06233341 ...,  0.03178232  0.4735294
  0.02585018]"
363;Sabbah-ZionismVsJudaism498;"[ 0.03921569  0.09019608  0.04313726 ...,  0.02745098  0.03921569
  0.00392157]"
364;SceneStealers-IronManMovieReviewBySceneStealerscom872;"[ 0.00820884  0.00854604  0.00828534 ...,  0.00904499  0.00956126
  0.00923442]"
365;SceneStealers-SceneStealerscomRedesignTeaser1666;"[ 0.00367647  0.00367647  0.00367647 ...,  0.00779718  0.5253523
  0.01147365]"
366;SceneStealers-SceneStealerscomRedesignTeaser2723;"[ 0.00428922  0.00428922  0.00428922 ...,  0.00747549  0.49669117
  0.01127451]"
367;Scottyiseri-SGAOJS02E24306;[ 0.21490778  0.21448579  0.20670117 ...,  0.13171244  0.13712254  0.148609  ]
368;SEEPROGRESS-AfterTheEconomicMeltdown947;"[ 0.00392157  0.00392157  0.00392157 ...,  0.00392157  0.00392157
  0.00392157]"
369;SEEPROGRESS-ANewEconomicEngineEnergyInThe21stCentury798;"[ 0.00392157  0.00392157  0.00392157 ...,  0.00392157  0.00392157
  0.00392157]"
370;SEEPROGRESS-ApollosFireIgnitingAmericasCleanEnergyEconomy987;"[  3.92157026e-03   3.92157026e-03   3.92157026e-03 ...,   1.20728629e-07
   1.28208427e-07   1.13248824e-07]"
371;SEEPROGRESS-BalacingTheBudgetIraqCostsShouldntStopInvestingInAmeric453;"[ 0.00775123  0.00775123  0.00775123 ...,  0.00775123  0.00775123
  0.00775123]"
372;SEEPROGRESS-CleanMyRideFlexMyFuelStarringBenAffleckMattDamonCen180;"[ 0.00011977  0.00011977  0.00011977 ...,  0.00012016  0.00012016
  0.00012016]"
373;SEEPROGRESS-ClimateChangeTheStateOfTheUnionASKTHEEXPERTDanWeis539;[ 0.05919117  0.05968137  0.06102941 ...,  0.0588848   0.0588848   0.0588848 ]
374;SEEPROGRESS-TheHealthCareCrisis47MillionCantAffordToGetSick131;[ 0.05919117  0.05968137  0.06102941 ...,  0.0588848   0.0588848   0.0588848 ]
375;SEEPROGRESS-TheTyrranyOfDeadIdeasMattMillerHIGHLIGHTS844;"[ 0.00392157  0.00392157  0.00392157 ...,  0.00392157  0.00392157
  0.00392157]"
376;SEEPROGRESS-TheYahooMicosoftMergerHowPrivateIsYourPrivacyOnline274;"[ 0.05900735  0.05925245  0.05992647 ...,  0.05882353  0.05882353
  0.05882353]"
377;SEEPROGRESS-ThisWeekInCongressJuly232007CenterForAmericanProgress303;"[ 0.74901962  0.74901962  0.74901962 ...,  0.74901962  0.74901962
  0.74901962]"
378;SEEPROGRESS-USIraqPolicyNeedsAStrategicResetDrLawerenceKorbOnRec361;"[ 0.99607843  0.99607843  0.99607843 ...,  0.99607843  0.99607843
  0.99607843]"
379;SeraphimWines-SamScarparisWINEPORNOTV17469;"[ 0.75686276  0.75686276  0.75686276 ...,  0.26666668  0.3137255
  0.36078432]"
380;Sgallasch-2008ArnoldStrongmanClassicDVDPreview792;"[ 0.10897288  0.09997702  0.13380821 ...,  0.0127451   0.49809283
  0.01611137]"
381;Sgallasch-2008NABBAUNIVERSEDVDPREVIEW975;"[ 0.00343137  0.00367647  0.00367647 ...,  0.00294118  0.00294118
  0.00294118]"
382;Sgallasch-Melvin_BlackandWhite352;"[ 0.00490196  0.00490196  0.00490196 ...,  0.00330882  0.00330882
  0.00330882]"
383;Sgallasch-SUSANBORGFIGURECHAMPIONMAGNIFICENTMALTESEMUSCLE122;"[ 0.16384804  0.16556373  0.13308823 ...,  0.00747549  0.48958334
  0.00870098]"
384;Sgallasch-wwwgmvcomau_2006_NABBA_Universe894;"[ 0.30028722  0.30001915  0.30261374 ...,  0.31195235  0.31195235
  0.31195235]"
385;Sgallasch-wwwgmvcomau_ahmadhaidar918;"[ 0.00294118  0.00294118  0.00294118 ...,  0.00539216  0.00539216
  0.00539216]"
386;Sgallasch-wwwgmvcomau_al_beckles640;"[ 0.00392157  0.00392157  0.00392157 ...,  0.00392157  0.00392157
  0.00392157]"
387;Sgallasch-wwwgmvcomau_charles_mario868;"[ 0.00392157  0.00392157  0.00392157 ...,  0.00392157  0.00392157
  0.00392157]"
388;Sgallasch-wwwgmvcomau_gmv019dvd198;"[ 0.00391199  0.00391199  0.00391199 ...,  0.00449506  0.00449506
  0.0038287 ]"
389;Sgallasch-wwwgmvcomau_GMV318DVD211;"[ 0.00471431  0.00471431  0.00451517 ...,  0.00542279  0.00542279
  0.00542279]"
390;Sgallasch-wwwgmvcomau_GMV324DVD144;"[ 0.00392157  0.00392157  0.00392157 ...,  0.00392157  0.00392157
  0.00392157]"
391;Sgallasch-wwwgmvcomau_GMV344360;"[ 0.00435049  0.00435049  0.00435049 ...,  0.00435049  0.00435049
  0.00435049]"
392;Sgallasch-wwwgmvcomau_GMV380DVD926;"[ 0.00392157  0.00392157  0.00392157 ...,  0.00392157  0.00392157
  0.00392157]"
393;Sgallasch-wwwgmvcomau_GMV403DVD541;"[ 0.00392157  0.00392157  0.00392157 ...,  0.00392157  0.00392157
  0.00392157]"
394;Sgallasch-wwwgmvcomau_gmv430784;"[ 0.98823529  0.98823529  0.98823529 ...,  0.98823529  0.98823529
  0.98823529]"
395;Sgallasch-wwwgmvcomau_GMV648DVDpriest842;"[ 0.00677849  0.00876991  0.0127068  ...,  0.00627298  0.0093367
  0.00780484]"
396;Sgallasch-wwwgmvcomau_GMV659DVD772;[ 0.17230392  0.17230392  0.17230392 ...,  0.1627451   0.1627451   0.1627451 ]
397;Sgallasch-wwwgmvcomau_Lenda_Murray502;"[ 0.00784314  0.00784314  0.00784314 ...,  0.00784314  0.00784314
  0.00784314]"
398;Sgallasch-wwwgmvcomau_MelvinAnthony_Contest_Ready229;"[ 0.00404412  0.00435049  0.00432368 ...,  0.00612745  0.00612745
  0.00612745]"
399;Sgallasch-wwwgmvcomau_mikeohearn_craigtitus919;"[ 0.00392157  0.00490196  0.00441176 ...,  0.00539216  0.00588235
  0.00784314]"
400;Sgallasch-wwwgmvcomau_rich_gaspari446;"[ 0.00050097  0.00739674  0.00384785 ...,  0.00770479  0.00767391
  0.00767607]"
401;Sgallasch-wwwgmvcomau_V008DVD456;"[ 0.00392157  0.00392157  0.00392157 ...,  0.00392157  0.00392157
  0.00392157]"
402;Sgallasch-wwwgmvcomau_V195DVDDennis832;"[ 0.00392157  0.00392157  0.00392157 ...,  0.00392157  0.00392157
  0.00392157]"
403;Sgallasch-wwwgmvcomau_V203DVD106;"[ 0.00010723  0.00010723  0.00010723 ...,  0.00010723  0.00010723
  0.00010723]"
404;SnitcherTV-SnitcherHardcoreBluesII362;"[ 0.00392157  0.00392157  0.00392157 ...,  0.00396752  0.00396752
  0.00396752]"
405;SnitcherTV-SnitcherHardcoreBluesIII417;"[ 0.25098041  0.25098041  0.25882354 ...,  0.05882353  0.05882353
  0.06666667]"
406;SnitcherTV-SnitcherHardcoreBluesIV328;"[ 0.05882353  0.05882353  0.06666667 ...,  0.39215687  0.39215687
  0.40000001]"
407;Solique-CinemaSceneDiscussionsMilosForman782;"[ 0.30547592  0.19212814  0.24687643 ...,  0.77085775  0.71960115
  0.68468136]"
408;Solique-TheRapeOfEuropaReview951;"[ 0.09804112  0.09019598  0.09019598 ...,  0.09803593  0.02353127
  0.03921502]"
409;Spcbrass-AdiosArrivederciAuRevoirAufWiedersehenAndGoodbye626;"[ 0.00392157  0.00392157  0.00392157 ...,  0.00392157  0.00392157
  0.00392157]"
410;Spcbrass-RainDrops770;"[ 0.60784316  0.64705884  0.60392159 ...,  0.33333334  0.33725491
  0.30588236]"
411;SPI-ThursdayJuly242008BreakingNewsEdition202;"[ 0.2647059   0.27769607  0.61323529 ...,  0.00833333  0.45931372
  0.01176471]"
412;Spindaily-IndependentSpiritAwardsRedCarpetStyle623;"[ 0.52660328  0.52547306  0.5236066  ...,  0.0077924   0.52616239
  0.01194552]"
413;Spindaily-LAFashionWeekVerusNewYorkFashionWeek327;"[ 0.92611825  0.91746324  0.87568933 ...,  0.0080576   0.52112436
  0.0109375 ]"
414;Srnyclips-SportsRadioNYAnimationPromo963;"[ 0.77107841  0.77990198  0.78676468 ...,  0.01666667  0.41029412
  0.0245098 ]"
415;Stevegarfield-MyMomsCookies297;"[ 0.08137255  0.09117647  0.08137255 ...,  0.17009804  0.20343137
  0.24362744]"
416;Studiomuscle-DanielJohnstonTheLastSong904;"[ 0.09610907  0.0609375   0.02362132 ...,  0.2974571   0.30009192
  0.28780636]"
417;Stupidfamouspeople-AdimariLopezLuisFonsiArriveToMarcAnthonys40thBirthday894;"[ 0.06182598  0.03952206  0.04724265 ...,  0.20018382  0.26066175
  0.15471813]"
418;Stupidfamouspeople-AngelinaJolieSignsAutographsOutsideTheChangelingMoviePre561;"[ 0.23235294  0.24313726  0.20882353 ...,  0.09411765  0.08333334
  0.0872549 ]"
419;Stupidfamouspeople-BobWeirPhilLeshOfGratefulDeadSignAutographsInNYC882;"[ 0.08137255  0.09215686  0.07450981 ...,  0.15196079  0.1627451
  0.11470588]"
420;Stupidfamouspeople-BoxingAnnouncerMichaelBufferInNewYorkCity949;"[ 0.08235294  0.08627451  0.0627451  ...,  0.10196079  0.10980392
  0.04705882]"
421;Stupidfamouspeople-BradPittAndAngelinaJolieLeavingTheChangelingPremiereIn964;"[ 0.21715686  0.21764706  0.20196079 ...,  0.23088235  0.22107843
  0.22450981]"
422;Stupidfamouspeople-ChristianCamargoLeavesAllMySonsOnBroadwayInNYC868;"[ 0.47450981  0.44313726  0.35294119 ...,  0.07058824  0.07450981
  0.05490196]"
423;Stupidfamouspeople-ClayAikenAvoidsGayQuestionsFromPaparazziAtSpamalot742;"[ 0.23039216  0.2254902   0.22450981 ...,  0.09509804  0.09705883
  0.07156863]"
424;Stupidfamouspeople-DakotaFanningArrivesToTheTodayShowInNewYorkCity427;"[ 0.5         0.49803922  0.         ...,  0.5         0.49215686
  0.48627451]"
425;Stupidfamouspeople-FergieOfTheBlackEyedPeasArrivesAtFashionRocks2008Rehe858;"[ 0.27549019  0.2372549   0.18725491 ...,  0.25392157  0.25882354
  0.16568628]"
426;Stupidfamouspeople-GuadalupeLopezJenniferLopezMotherArrivesToMarcAnthonys4115;"[ 0.3764706   0.38039216  0.35686275 ...,  0.09411765  0.16862746
  0.22745098]"
427;Stupidfamouspeople-HarveyKeitelLeavesBarneysInNewYorkCity673;"[ 0.76862746  0.73333335  0.71764708 ...,  0.32549021  0.32941177
  0.30980393]"
428;Stupidfamouspeople-JamieOliverTheNakedChefTalksOutsideDavidLetterman750;"[ 0.08235294  0.07450981  0.04656863 ...,  0.07009804  0.06519608
  0.04068628]"
429;Stupidfamouspeople-JayZAndKanyeWestLeaveMarcJacobsSpring2009FashionShowI466;"[ 0.03431373  0.02941176  0.03088235 ...,  0.02046569  0.01997549
  0.01862745]"
430;Stupidfamouspeople-JenniferLopezAndVictoriaBeckhamArriveToTheMarcJacobsSp767;"[ 0.13679391  0.16056602  0.10099475 ...,  0.06162301  0.05903991
  0.05596469]"
431;Stupidfamouspeople-JohnMayerAndBrotherCarlMayerLeaveNobuRestaurantInNewY868;"[ 0.06470589  0.0120098   0.00294118 ...,  0.28897059  0.39362746
  0.36262256]"
432;Stupidfamouspeople-JohnMayerLeavesHisSohoApartmentInNewYorkCity226;"[ 0.42745098  0.39215687  0.37254903 ...,  0.32549021  0.33333334
  0.32941177]"
433;Stupidfamouspeople-KatieHolmesStrollingThroughNewYorkCityAfterLeavingHerD440;"[ 0.90980393  0.87450981  0.8392157  ...,  0.67058825  0.53725493
  0.39215687]"
434;Stupidfamouspeople-KimoraLeeSimmonsDjimonHounsouArriveToMarcAnthonys40th435;"[ 0.04681373  0.05367647  0.04583333 ...,  0.03731618  0.04699755
  0.02383578]"
435;Stupidfamouspeople-KimRaverLeavesMarcJacobsSpring2009FashionShowInNewYor562;"[ 0.03921569  0.03921569  0.03921569 ...,  0.01568628  0.02352941
  0.01960784]"
436;Stupidfamouspeople-KirstenDunstAtTheHounddogMoviePremiereInNYC985;"[ 0.05882353  0.03529412  0.03529412 ...,  0.0627451   0.07058824
  0.03137255]"
437;Stupidfamouspeople-LeonaLewisAtFashionRocks2008InNewYorkCityFashionWeek531;"[ 0.34117648  0.26274511  0.20784314 ...,  0.2         0.21568628
  0.32156864]"
438;Stupidfamouspeople-LindsayPriceAndBoyfriendRobertBuckleyOutAndAboutInNew188;"[ 0.14414829  0.13443628  0.10147059 ...,  0.11685049  0.10324755
  0.05940564]"
439;Stupidfamouspeople-MileyCyrusChecksOutOfHerHotelInNewYorkCity258;"[ 0.02309301  0.0278409   0.01586056 ...,  0.04580465  0.04596172
  0.04516358]"
440;Stupidfamouspeople-PaparazziFootageOfArtieLangOfHowardSternJokingWithFans826;"[ 0.02922794  0.02953431  0.02267157 ...,  0.01881127  0.01954657
  0.0135723 ]"
441;Stupidfamouspeople-PaparazziFootageOfBenAffleckAndJenniferGarnerWithoutBab353;"[ 0.02058824  0.01139706  0.00710784 ...,  0.00747549  0.00563726
  0.00551471]"
442;Stupidfamouspeople-PaparazziFootageOfBrookeShieldsAndGinaGershonInNewYork651;"[ 0.0497549   0.05735294  0.0377451  ...,  0.07450981  0.0752451
  0.06544118]"
443;Stupidfamouspeople-PaparazziFootageOfChampionBoxerRoyJonesJrAtGoodMorning829;"[ 0.1127451   0.11029412  0.08480392 ...,  0.0377451   0.03480392
  0.02990196]"
444;Stupidfamouspeople-PaparazziFootageOfCynthiaNixonBeingGrumpyInTheCity519;[ 0.19607843  0.32745099  0.38235295 ...,  0.09803922  0.1509804   0.1882353 ]
445;Stupidfamouspeople-PaparazziFootageOfEmmaRobertsJuliaRobertsNieceInNewYor546;"[ 0.08431373  0.10490196  0.08627451 ...,  0.02843137  0.02254902
  0.02254902]"
446;Stupidfamouspeople-PaparazziFootageOfGuitaristStevenVanZandtOfBruceSprings959;"[ 0.01862745  0.01813726  0.01323529 ...,  0.01078431  0.01078431
  0.01029412]"
447;Stupidfamouspeople-PaparazziFootageOfJackBlackShowingOffHisKungFuPandaSk629;"[ 0.02034314  0.02794118  0.01764706 ...,  0.02585784  0.02598039
  0.02561275]"
448;Stupidfamouspeople-PaparazziFootageOfJennyLewisAtLateShowWithDavidLetterm133;"[ 0.1577206   0.15821078  0.14638481 ...,  0.02058824  0.02132353
  0.01654412]"
449;Stupidfamouspeople-PaparazziFootageOfJennyLewisAtLateShowWithDavidLetterm317;"[ 0.15667892  0.15778187  0.14908089 ...,  0.02046569  0.02113971
  0.01623775]"
450;Stupidfamouspeople-PaparazziFootageOfKateBosworthBoyfriendJamesRousseauIn611;"[ 0.01054988  0.01121116  0.00872466 ...,  0.00706759  0.00706771
  0.00706765]"
451;Stupidfamouspeople-PaparazziFootageOfKellyRutherfordWithHusbandAndBabySon620;"[ 0.40000001  0.31225491  0.22965686 ...,  0.25563726  0.12279411
  0.07132353]"
452;Stupidfamouspeople-PaparazziFootageOfRickyGervaisAtLateShowWithDavidLette756;[ 0.22156863  0.21838236  0.1939951  ...,  0.11495098  0.1189951   0.1125    ]
453;Stupidfamouspeople-PaparazziSayingHelloToTomCruisesMomAndKatieHolmesParen826;"[ 0.05490196  0.05882353  0.03333334 ...,  0.06666667  0.07058824
  0.04313726]"
454;Stupidfamouspeople-PaparazziVideoOfKateBosworthAndBoyfriendJamesRousseauIn959;"[ 0.01814892  0.01837737  0.01083112 ...,  0.03817795  0.03494318
  0.02782765]"
455;Stupidfamouspeople-PaparazziVideoOfMileyCyrusAtZ100AndDeniesAutographHoun625;"[ 0.53725493  0.5411765   0.50980395 ...,  0.16862746  0.16862746
  0.18039216]"
456;Stupidfamouspeople-PhilCollinsHasNoTimeForHisFansInNewYorkCity729;"[ 0.08431373  0.08431373  0.08431373 ...,  0.11568628  0.11372549
  0.14117648]"
457;Stupidfamouspeople-RichardDreyfussLeavesThePremiereOfWInNewYorkCity378;"[ 0.14509805  0.0627451   0.04705882 ...,  0.0627451   0.02941176
  0.01764706]"
458;Stupidfamouspeople-RosiePerezAtTheWMoviePremiereInNewYorkCity493;"[ 0.07058824  0.07058824  0.07058824 ...,  0.18039216  0.16862746
  0.12156863]"
459;Stupidfamouspeople-SofiaCoppolaArrivesToMarcJacobsSpring2009InNewYorkCit929;"[ 0.13386708  0.12247051  0.10706954 ...,  0.15382151  0.13504423
  0.11191215]"
460;Stupidfamouspeople-TomCruiseAndKatieHolmesReturnHomeAfterAllMySonsOpenin152;"[ 0.07224073  0.0704025   0.04569355 ...,  0.03892272  0.03759383
  0.03161765]"
461;Stupidfamouspeople-TomCruiseJadaPinkettSmithSneakIntoKatieHolmesPlay566;"[ 0.10588235  0.12352941  0.11029412 ...,  0.08872549  0.09460784
  0.09705883]"
462;Stupidfamouspeople-UglyAgynessDeynAndAlbertHammondJrOfTheStrokesLeavingM278;"[ 0.05490196  0.06078431  0.01960784 ...,  0.06078431  0.05294118
  0.07843138]"
463;Subfightercom-BraboChokeFromHalfGuard226;"[ 0.31764707  0.31568629  0.35686275 ...,  0.22352941  0.21764706
  0.20392157]"
464;Subfightercom-SideToBackPosition330;"[ 0.27867648  0.27034312  0.27058825 ...,  0.14436275  0.17132352
  0.20539215]"
465;SynchroTheatre-123VideoTrailer550;"[ 0.12628485  0.12620586  0.1261982  ...,  0.06931774  0.40668371
  0.07221728]"
466;SynchroTheatre-Hello287;[ 0.  0.  0. ...,  0.  0.  0.]
467;SynchroTheatre-SnowQueenTeaser651;"[ 0.09068628  0.09166667  0.10098039 ...,  0.02965686  0.3629902
  0.03382353]"
468;Talkradionewsservice-CongressmanRoyBluntTalksAboutTheHouseInterruptingTheMem944;[ 0.01078431  0.00392157  0.01764706 ...,  0.31960785  0.24509804  0.2       ]
469;TastingNotesAtDistrict-RoccapiaSangioveseChiantiTuscanyItaly2007862;"[ 0.47843137  0.47254902  0.42745098 ...,  0.00588235  0.02156863
  0.01176471]"
470;Teatips-TeaTipsEpisode14CravingTeas761;"[ 0.46715209  0.26041251  0.04278093 ...,  0.00717525  0.53098679
  0.01113143]"
471;Teatips-TeaTipsEpisode851952PuerhTea598;"[ 0.49411765  0.35294119  0.26666668 ...,  0.00392157  0.52941179
  0.01176471]"
472;Thatsportsshow-ThatSportsShowBlazingShootingAndCrossDressing920;[ 0.00397903  0.0039802   0.00397962 ...,  0.00783736  0.529396    0.01176281]
473;Thatsportsshow-ThatSportsShowMarburyPitBullsAndInterns384;[ 0.00422179  0.00419762  0.00412154 ...,  0.00784313  0.529387    0.01176376]
474;Thatsportsshow-ThatSportsShowPartyBoatsAndGunshots852;"[ 0.00423109  0.0042621   0.00428449 ...,  0.00784265  0.52940881
  0.01176589]"
475;Thatsportsshow-ThatSportsShowTerrellOwens985;"[ 0.00742876  0.0188581   0.01304184 ...,  0.00791982  0.52936643
  0.01172135]"
476;Thatsportsshow-ThatSportsShowThugsPunksAndMarkCuban250;"[ 0.00106632  0.00088848  0.00083606 ...,  0.00788861  0.52936459
  0.0117537 ]"
477;Thatsportsshow-ThatSportsShowWeHardlyKnewYe621;"[ 0.00392662  0.00392597  0.00392629 ...,  0.00784315  0.52941167
  0.01176478]"
478;Thatsportsshow-TwitsTwitterAndMattStraqsHeadExploding895;"[ 0.00403832  0.00403923  0.00403878 ...,  0.00784314  0.52941018
  0.01176436]"
479;TheEpicSeason-JesseCsincsak357;"[ 0.01142913  0.01256008  0.01479349 ...,  0.00769809  0.00809733
  0.00811815]"
480;TheEpicSeason-VailResortsPresentsBeaverCreekColorado743;"[ 0.12890294  0.29871261  0.37833777 ...,  0.15098554  0.30831808
  0.38183954]"
481;TheEpicSeason-VailResortsPresentsKeystoneColorado964;"[ 0.21251519  0.14241774  0.22378957 ...,  0.1999497   0.12982593
  0.21787547]"
482;TheEpicSeason-VailSnowdaze252;"[ 0.00392157  0.00392157  0.00392157 ...,  0.00392157  0.51764709
  0.00784314]"
483;Theexsmoker-WelcomeToTheExSmokercom729;"[ 0.27450982  0.35686275  0.29411766 ...,  0.12941177  0.16470589
  0.14509805]"
484;TheJAMAREPORT-ADULTSTEMCELLSAREHELPINGPATIENTSWITHAUTOIMMUNEDISEASESA376;"[ 0.05103568  0.05495638  0.03534457 ...,  0.05103555  0.05494915
  0.03534137]"
485;TheJAMAREPORT-ADVANCESINGENETICMEDICINEAREGREATBUTSOMEHEALTHCAREWORKE804;"[ 0.05099464  0.05491709  0.03530798 ...,  0.05099976  0.05492233
  0.03531586]"
486;TheJAMAREPORT-BABIESBORNPREMATUREMAYHAVECONTINUEDHEALTHRISKSDURINGCHI237;"[ 0.15234049  0.15362753  0.1549722  ...,  0.16267797  0.17129022
  0.18521321]"
487;TheJAMAREPORT-BISPHENOLAASSOCIATEDWITHANINCREASEDRISKOFDISEASEINADUL565;"[ 0.05909333  0.05912529  0.05911957 ...,  0.05905988  0.05907058
  0.05907073]"
488;TheJAMAREPORT-CHANGESTOMEDICAREANDACCESSTOCAREFORCANCERPATIENTS318;"[ 0.04090608  0.04584456  0.03335788 ...,  0.01514382  0.54220843
  0.01969762]"
489;TheJAMAREPORT-COMBINATIONOFMAMMOGRAPHYANDULTRASOUNDINCREASESDETECTIONOF782;[ 0.05126897  0.05517676  0.03554248 ...,  0.05115327  0.05501616  0.035407  ]
490;TheJAMAREPORT-COSTOFTREATINGSPINEPROBLEMSINCREASESBUTPATIENTSONAVERAG415;"[ 0.29849219  0.30856153  0.2872954  ...,  0.17757869  0.19431463
  0.2034277 ]"
491;TheJAMAREPORT-FAMILYHISTORYOFCOLORECTALCANCERMAYIMPROVECHANCEOFSURVIV604;"[ 0.05891214  0.05890536  0.05890523 ...,  0.05883364  0.05886447
  0.0588615 ]"
492;TheJAMAREPORT-FATNESSVERSUSFITNESSCARDIOVASCULARFITNESSAPPEARSMOREIMPOR970;"[ 0.49890968  0.51710802  0.51338845 ...,  0.46948361  0.50021982
  0.48291525]"
493;TheJAMAREPORT-GENEMUTATIONMAYHELPEXPLAINDIFFERENCEINLUNGFUNCTIONAMONG450;"[ 0.05099325  0.05491388  0.03530552 ...,  0.05098798  0.0549118
  0.03530545]"
494;TheJAMAREPORT-HIVINFECTIONRATESINUSHIGHERTHANFIRSTTHOUGHT184;"[ 0.06248154  0.06574274  0.05964251 ...,  0.13479355  0.12744763
  0.12761432]"
495;TheJAMAREPORT-HOSPITALIZEDPATIENTSARELESSLIKELYTOSURVIVECARDIACARREST590;"[ 0.05103568  0.05495638  0.03534457 ...,  0.05103555  0.05494915
  0.03534137]"
496;TheJAMAREPORT-LOWERBLOODPRESSUREANDCHOLESTEROLTARGETSFORDIABETICSMAYR892;"[ 0.22543679  0.2358464   0.22265163 ...,  0.26215938  0.26453725
  0.2439905 ]"
497;TheJAMAREPORT-MERCKFAILSTODISCLOSEMORTALITYRISKASSOCIATEDWITHVIOXX529;"[ 0.05109815  0.05510948  0.03564525 ...,  0.05112831  0.05504916
  0.03554496]"
498;TheJAMAREPORT-MILITARYTROOPSRETURNINGFROMCOMBATMAYEXPERIENCEBINGEDRINK180;"[ 0.05905645  0.05903443  0.05896763 ...,  0.04711979  0.3294436
  0.03922002]"
499;TheJAMAREPORT-MONITORINGBLOODPRESSUREATHOMEANDONASECUREWEBSITEMAYH793;"[ 0.13904324  0.14233425  0.10617784 ...,  0.14684093  0.14037499
  0.10713513]"
500;TheJAMAREPORT-OBESITYLEVELSAMONGCHILDRENANDTEENSSTABILIZE688;"[ 0.08071151  0.09378279  0.06316726 ...,  0.12161642  0.13763738
  0.06665069]"
501;TheJAMAREPORT-PATIENTSLIVINGINRURALAREASARELESSLIKELYTORECEIVEORGAN429;"[ 0.20308581  0.21073049  0.17816611 ...,  0.18085788  0.18951043
  0.16847922]"
502;TheJAMAREPORT-RESEARCHERSIDENTIFYPREDICTORSFORSPINEFRACTURESMOSTCOMMON338;"[ 0.0510569   0.0549742   0.03535758 ...,  0.05099452  0.05491329
  0.03529972]"
503;TheJAMAREPORT-RESEARCHERSSTUDYUSFAMILIESINWHICHATLEASTONEPARENTHASH276;"[ 0.06586244  0.06573989  0.06454504 ...,  0.06443015  0.06476716
  0.06446078]"
504;TheJAMAREPORT-ROUTINECARDIACCATHETERIZATIONBENEFITSSOMEWOMENWITHHEARTD782;"[ 0.05097656  0.05489287  0.03529058 ...,  0.02352784  0.54117614
  0.02744607]"
505;TheJAMAREPORT-SOMEPATIENTSNOTABLETOAFFORDPRESCRIPTIONSDESPITEENROLLING660;"[ 0.12263092  0.11583505  0.08324169 ...,  0.38599995  0.36379418
  0.32393062]"
506;TheJAMAREPORT-STJOHNSWORTDOESNOTIMPROVESYMPTOMSOFATTENTIONDEFICITHYPE461;"[ 0.12738594  0.13063918  0.08919687 ...,  0.12946734  0.12925217
  0.09517103]"
507;TheJAMAREPORT-STUDYFINDSASSOCIATIONBETWEENDIABETESANDDEPRESSION881;"[ 0.12511438  0.12625292  0.10204986 ...,  0.20868669  0.20758173
  0.1720991 ]"
508;TheJAMAREPORT-STUDYFINDSBETTERQUALITYOFLIFEFORTERMINALLYILLPATIENTSW666;"[ 0.06256834  0.06258521  0.06280841 ...,  0.06123825  0.06124028
  0.06143284]"
509;TheJAMAREPORT-STUDYFINDSBVITAMINSDONOTHELPPREVENTHEARTATTACKSORSTRO962;"[ 0.05885219  0.05885402  0.05887207 ...,  0.05885538  0.05885594
  0.0588774 ]"
510;TheJAMAREPORT-STUDYFINDSDIVERSITYWITHINUSMEDICALSCHOOLSHELPSTOTREATA629;"[ 0.05107591  0.0549817   0.03535669 ...,  0.05111178  0.05502878
  0.03540954]"
511;TheJAMAREPORT-STUDYFINDSGINKGOBILOBADOESNOTHELPPREVENTDEMENTIAANDALZ761;"[ 0.05121728  0.05507297  0.03540311 ...,  0.0511544   0.05503516
  0.03540928]"
512;TheJAMAREPORT-STUDYFINDSHIGHDOSEINTAKEOFTHREEBVITAMINS578;"[ 0.05580556  0.06363074  0.05970552 ...,  0.06000142  0.05996264
  0.05994179]"
513;TheJAMAREPORT-STUDYFINDSHIGHDOSEINTAKEOFTHREEBVITAMINSDOESNOTREDUCE116;"[ 0.1114061   0.12534276  0.10578278 ...,  0.13031042  0.14313367
  0.13582751]"
514;TheJAMAREPORT-STUDYFINDSHIGHDOSEINTAKEOFVITAMINSCEDOESNOTREDUCERIS816;"[ 0.0554563   0.06336933  0.05946332 ...,  0.05506903  0.06296135
  0.05908694]"
515;TheJAMAREPORT-STUDYFINDSMANYCHILDRENARENOTGETTINGTHEPHYSICALACTIVITY334;"[ 0.05101829  0.05493642  0.03531848 ...,  0.05102855  0.05493747
  0.03532037]"
516;TheJAMAREPORT-STUDYFINDSMARIJUANASMOKINGISRISKFACTORFORGUMDISEASE519;"[ 0.18140103  0.18454866  0.15422121 ...,  0.17926237  0.13050683
  0.11520927]"
517;TheJAMAREPORT-STUDYFINDSPHYSICALACTIVITYMAYHELPIMPROVECOGNITIVEFUNCTIO827;[ 0.05899774  0.05902807  0.05906646 ...,  0.04711637  0.3294715   0.0392617 ]
518;TheJAMAREPORT-STUDYFINDSPOPCORNNUTSANDCORNDONOTINCREASETHEINCIDENCE585;"[ 0.05915189  0.05915277  0.05900366 ...,  0.05903574  0.05905309
  0.05903373]"
519;TheJAMAREPORT-STUDYFINDSRACIALDISPARITYNOLONGERASSOCIATEDWITHNATIONSC280;"[ 0.13399917  0.13022341  0.09732552 ...,  0.08991373  0.07772879
  0.05341455]"
520;TheJAMAREPORT-STUDYFINDSSIGNIFICANTDIFFERENCESINCARDIACARRESTINCIDENCE764;"[ 0.22691455  0.22566715  0.20910405 ...,  0.21146527  0.21101332
  0.19160795]"
521;TheJAMAREPORT-STUDYMEASURESPREVALENCEOFCANCERCAUSINGGENEMUTATIONINHISP365;"[ 0.19292204  0.2111354   0.1667078  ...,  0.22193407  0.2333312
  0.22379836]"
522;TheJAMAREPORT-STUDYSHOWSCHANGEINLIFESYTLEHABITS389;"[ 0.05098241  0.05490413  0.03529561 ...,  0.05098377  0.05490536
  0.03529745]"
523;TheJAMAREPORT-TEENAGERSWHODONATEBLOODMAYEXPERIENCEANADVERSEREACTION941;"[ 0.16480806  0.16099732  0.11840916 ...,  0.17562358  0.16505763
  0.12211774]"
524;TheJAMAREPORT-TESTOSTERONESUPPLEMENTATIONNOTBENEFICIALINCOMBATINGMOSTEF226;"[ 0.05098476  0.05490639  0.03529838 ...,  0.05098267  0.0549041
  0.03529605]"
525;TheJAMAREPORT-VIAGRAAPPEARSTOHELPTREATANTIDEPRESSANTRELATEDSEXUALSIDE318;"[ 0.27309147  0.23625393  0.23591642 ...,  0.2019262   0.17526196
  0.18201305]"
526;TheJAMAREPORT-VITAMINEIMPORTANTTOPHYSICALHEALTHASYOUAGE908;"[ 0.05121394  0.055078    0.03545037 ...,  0.05120274  0.05509656
  0.03542756]"
527;TheJAMAREPORT-WEIGHTLOSSDRUGSHOWSPROMISEFORHELPINGTHOSEWITHCORONARYH748;"[ 0.17850617  0.1891109   0.17571916 ...,  0.21251501  0.22467053
  0.21444252]"
528;TheJAMAREPORT-WOMENREMAINATRISKFORBREASTCANCERTHREEYEARSAFTERSTOPPIN770;"[ 0.05098081  0.05490236  0.03529447 ...,  0.05098084  0.05490246
  0.03529458]"
529;TheJAMAREPORT-WOMENWHOQUITSMOKINGCANDECREASETHEIRRISKOFCERTAINFATAL707;"[ 0.05109996  0.05502091  0.03540684 ...,  0.05105979  0.05498355
  0.03538126]"
530;TheOintment-4000th264;"[ 0.10410539  0.06087622  0.07141544 ...,  0.26544118  0.07585784
  0.08079044]"
531;TheOintment-BlackAndWhite502;"[ 0.09594056  0.08249081  0.0662837  ...,  0.17608762  0.0846201
  0.07279412]"
532;TheOintment-ClintonAccusesObamaOfPlagiarism180;"[ 0.30949754  0.15122549  0.20496324 ...,  0.4762255   0.08933824
  0.08118872]"
533;TheOintment-DaddysUterusAndOtherStories958;"[ 0.01796875  0.01098346  0.02414982 ...,  0.03209252  0.01568628
  0.02025123]"
534;TheOintment-EncoreSuperTuesdayUpdate896;"[ 0.30219057  0.22765012  0.20121783 ...,  0.69365811  0.25806525
  0.27473193]"
535;TheOintment-FakeHillaryClintonAdExperienceMatters814;"[ 0.04791317  0.01851304  0.0206683  ...,  0.62933236  0.16617151
  0.19396219]"
536;TheOintment-FridayFreshness590;"[ 0.06884191  0.03106618  0.05079657 ...,  0.08033089  0.04117647
  0.03719363]"
537;TheOintment-GasPain438;"[ 0.04754902  0.02720588  0.04445466 ...,  0.13982843  0.04080882
  0.04108456]"
538;TheOintment-HappyMothersDay180;"[ 0.01544118  0.01106005  0.01303615 ...,  0.04276961  0.02558211
  0.02058824]"
539;TheOintment-JuniorSuperTuesday715;"[ 0.06689645  0.03644301  0.05972733 ...,  0.17107843  0.03103554
  0.04571078]"
540;TheOintment-MondayMadness320;"[ 0.15514706  0.10116421  0.10245098 ...,  0.2860294   0.07849265
  0.07898284]"
541;TheOintment-NotSoSuperDelegates487;"[ 0.02928922  0.02224265  0.01997549 ...,  0.07536764  0.01746324
  0.01452206]"
542;TheOintment-ObamaClintonGrudgeMatch758;"[ 0.0460095   0.02996323  0.03887868 ...,  0.12519148  0.05238205
  0.0490579 ]"
543;TheOintment-TaxDeadline756;"[ 0.17222732  0.11978018  0.0832644  ...,  0.45375305  0.15085784
  0.10546684]"
544;TheOintment-WeekInReview22208481;"[ 0.05208333  0.04938725  0.08290441 ...,  0.0692402   0.04117647
  0.0689951 ]"
545;TheOintment-WeekInReview4408583;"[ 0.05223006  0.05103545  0.07885024 ...,  0.1071739   0.05660329
  0.09290508]"
546;TheOintment-WithFriendsLikeThese940;"[  3.92148551e-03   7.84295984e-03   8.84719896e-07 ...,   3.94139858e-03
   3.92563129e-03   3.95050256e-06]"
547;TheWineVault-CentralOtagoVsMarlboroughPinotNoirWVTVEpisode74534;"[ 0.04509804  0.04509804  0.04509804 ...,  0.04509804  0.04509804
  0.04509804]"
548;TLDM-CharismaticDelusionPart1Of4741;"[ 0.0142739   0.01961551  0.07035786 ...,  0.01590069  0.01884358
  0.0371611 ]"
549;TLDM-TheMiraculousStoryOfBaysidePart10Of11607;"[ 0.01344975  0.01484375  0.02415748 ...,  0.013894    0.01954657
  0.02573529]"
550;TLDM-TheMiraculousStoryOfBaysidePart11Of11993;"[ 0.01568628  0.01176471  0.02745098 ...,  0.01176471  0.01568628
  0.03529412]"
551;TLDM-TheMiraculousStoryOfBaysidePart3Of11630;"[ 0.04256346  0.05413124  0.03345104 ...,  0.03493742  0.0383281
  0.02876713]"
552;TLDM-TheMiraculousStoryOfBaysidePart7Of11111;"[ 0.03921568  0.0392157   0.03137254 ...,  0.02352945  0.03921568
  0.01960786]"
553;Tooncast-TalkLikeAPirateDay993;"[ 0.01862745  0.01862745  0.02647059 ...,  0.00980392  0.01666667
  0.0372549 ]"
554;UBM-02050dManchildAndBride04944;"[ 0.0157442   0.01570231  0.0157296  ...,  0.11771575  0.05905666
  0.07065214]"
555;Underlab-ShortFilmsDawnDubrielsTheLastDutchess521;"[ 0.11335784  0.07316177  0.06274318 ...,  0.00980009  0.53173733
  0.00588235]"
556;Useeblu-BlubrryJamIsComing335;"[ 0.39607844  0.39607844  0.39607844 ...,  0.49803922  0.49803922
  0.49803922]"
557;VirginBob-CourteenersToHeadlineNextVFestival406;"[ 0.5010013   0.00150014  0.01311746 ...,  0.01657524  0.52111584
  0.00303429]"
558;VirginBob-CutCopyVFestivalMelbourne450;"[ 0.06397059  0.07046568  0.05392157 ...,  0.05281863  0.02855392
  0.02328431]"
559;VirginBob-DuranDuranVFestivalMelbourne275;"[ 0.          0.00784314  0.00392157 ...,  0.00392157  0.00392157
  0.00392157]"
560;VirginBob-PresetsVFestivalMelbourne656;"[ 0.00343137  0.00343137  0.00343137 ...,  0.00343137  0.00343137
  0.00343137]"
561;VirginBob-VFestivalPerthAustraliaPart3367;"[ 0.00269608  0.00269608  0.00269608 ...,  0.00514706  0.00514706
  0.00514706]"
562;VirginBob-VFestivalPerthAustraliaPart4584;"[ 0.00318627  0.00318627  0.00318627 ...,  0.00318627  0.00318627
  0.00318627]"
563;VirginBob-VFestivalStealsTheSunshine834;"[ 0.05641659  0.05445964  0.05543811 ...,  0.00784314  0.52303922
  0.0082644 ]"
564;VirginBob-WhipcrackinVFestival241;"[ 0.00392157  0.00392157  0.00392157 ...,  0.00392157  0.00392157
  0.00392157]"
565;Wardy-Episode36CheeseSteak697;"[ 0.36285892  0.36576316  0.33305553 ...,  0.35017234  0.24477059
  0.16944745]"
566;Wardy-Episode71Announcement737;"[ 0.0759804   0.15784314  0.13333334 ...,  0.16519608  0.16715686
  0.16960785]"
567;Wardy-RestaurantFoodFastEpisode24494;"[ 0.05781561  0.05512217  0.05134014 ...,  0.04990306  0.0378485
  0.03044769]"
568;Weldon-BradyWiederholdKneeDrill2380;"[ 0.71573222  0.71053541  0.65940946 ...,  0.00866651  0.51752836
  0.01533012]"
569;Weldon-DrHollingsworthAcupuncture313;"[ 0.15352525  0.15475976  0.15099153 ...,  0.00806402  0.5175125
  0.01941812]"
570;WybaK-MIRACLEKAABAAVOIR920;"[ 0.          0.          0.         ...,  0.00783664  0.52545685
  0.02745214]"
571;Wyshy-IJoebotConfessional600;[ 0.  0.  0. ...,  0.  0.  0.]
