;avg_color;filename
0;[45.441500000000005, 77.60634999999999, 128.3093];Aabbey1-RachelSabathBeitHalachmiThreeModelsOfTorahOnCelebrating136
1;[41.70348, 40.74418, 38.70442];Aabbey1-ShalomHartmanInstitutesInnovativeTheologyConference661
2;[102.05135, 92.6819, 64.96905000000001];Acnethai-414
3;[162.86017142857145, 143.68699999999998, 109.56497142857144];Acnethai-EP4HowToMakeUpForAcneFromBobbiBrown565
4;[2.0485, 2.0485, 2.0485];Actorsandcrew-TheBigBreak844
5;[26.8389, 26.7891, 26.8318];Akachan-XF3ARMYProjectPromo360
6;[33.5249, 19.577171428571432, 15.492414285714284];Anglicantv-FCA2009ArchbishopVenables921
7;[31.692525, 22.965949999999996, 17.022274999999997];Anglicantv-FCA2009BishopBenn159
8;[42.601380000000006, 37.18302, 36.95];Anglicantv-FCA2009InterviewWithArchbishopJensenAndArchbishopVeneabl988
9;[23.48216, 15.714180000000004, 11.961340000000002];Anglicantv-FCA2009RevRoberts569
10;[23.56620625, 30.64281875, 35.6048875];Barandide-CarmenTrailer259
11;[48.9764, 47.5253, 46.9796];Barandide-PucciniMadameButterfly740
12;[116.08391301020406, 109.26604387755096, 105.48385867346938];Bavc-GossipChismeDeborah157
13;[161.62075744680857, 152.48757446808509, 148.80324255319147];Bavc-GustavosStoryHistoriaDeGustavoIvonne893
14;[41.20393255813946, 39.249186046511575, 36.73571627906971];Bavc-MyPrinceCharmingMiPrincipeAzulVeronica726
15;[28.069233333333333, 18.341366666666666, 22.368199999999998];Bluecanoerecords-BlessYou868
16;[32.17111428571429, 27.885914285714286, 33.54747142857143];Bluecanoerecords-DatzIt241
17;[21.962155555555555, 19.37111111111111, 19.681344444444445];Bluecanoerecords-JosephPatrickMooreTalksAboutMilesDavis954
18;[70.7700125, 79.66254999999998, 95.00693750000002];Bluecanoerecords-NabilKhemir770
19;[30.244315384615387, 28.330869230769228, 31.372461538461543];Cariblifecentral-3EnergyGodElephantManMiamiDancehallConcert780
20;[84.33514642857139, 80.21111428571426, 77.58344107142855];Celluloidremix-Cellushape912
21;[137.7313888888889, 120.12272222222221, 98.15614444444445];ChefsLine-IsraeliCouscous910
22;[109.64434000000001, 78.61710666666666, 55.977300000000014];ChefsLine-KansasCityBarbecueSauce196
23;[78.64588333333336, 71.90141666666666, 52.37327222222221];ChefsLine-PastaFrittata697
24;[115.7678375, 52.71973750000001, 31.5462875];ChefsLine-SpicyLambBurgersWithRaita938
25;[93.24825000000001, 96.75983, 97.10747333333332];Chuckm-SummerInTheCityACappella546
26;[159.35884074074073, 160.2434111111111, 119.87069629629629];ClaudeBesson-JOYEUXNOEL355
27;[79.78223333333334, 89.24843333333332, 84.79293333333334];ClaudeBesson-LesNewsDuCARGOClub218
28;[29.03405, 18.2686, 20.96745];ClaudeBesson-ROCKAAGORA28012007188
29;[115.3727, 89.85419999999999, 98.92325];Clif-Episode1570
30;[103.64074999999998, 92.43718333333334, 74.24451666666668];CookingUpAStory-BackyardChickensTourDeCoops216
31;[62.946149999999996, 24.154400000000003, 85.734];CorrosionDC-MightyMikeSagaAndC365RadioCrashYour4thOfJulyParty655
32;[44.83545, 46.61335, 43.83655];Coruway-BaldGuyOnClimateChange001743
33;[106.13004444444444, 97.51716666666667, 69.12582222222221];Craigleach21-MultiMovements433
34;[81.36243333333333, 74.3597, 69.4913];Crashsolo-OneMinuteSemiHomemadeMoneySavingMeals299
35;[90.9308, 87.4543, 74.0934];Critter-InsanityWeek3Day3400
36;[99.064225, 89.4747875, 79.41616250000001];Culinarymedia-ChefMarksQuickBitesBlackGarlic132
37;[87.21480000000001, 77.40815, 70.3883];Culinarymedia-CMNVideoCocktailHourBasilMoTeato848
38;[123.42918965517241, 123.10567241379312, 106.9878827586207];Culinarymedia-CMNVideoDiscoveringColonialVirginia791
39;[88.016025, 81.874725, 67.74725];Culinarymedia-CMNVideoForkInTheRoadPerSe357
40;[40.131116666666664, 40.62126666666666, 33.4735];Culinarymedia-QuickBitesHawaiiKapaluaFarmsComposting226
41;[47.30496, 46.71668, 36.275259999999996];Culinarymedia-QuickBitesHawaiiMakawaoMushroomsMaui217
42;[120.9185, 125.55614285714286, 85.55892857142858];Culinarymedia-QuickBitesWalesNationalBotanicGarden555
43;[87.4411076923077, 73.25952307692307, 64.60591538461539];CutthroatMolloy-AskScuurvy607
44;[63.42380999999999, 59.616020000000006, 47.58167999999999];CutthroatMolloy-VictorianBushfiresBenefitGigSUNMarch1stMonstrothic235Ed551
45;[89.1607, 79.028, 71.8038];CutthroatMolloy-WhatCouldBeBetter245
46;[192.39190000000002, 201.85854999999998, 159.66365000000002];Daterobertpattinson-RobertPattinsonInLoveShowersKristenStewartWithGifts930
47;[29.5767, 29.86835, 27.87285];Davidleeking-djembe139
48;[70.70825, 67.3305, 46.7436];Davidleeking-fun409
49;[83.0704, 80.9671, 87.8374];Deepintosports-DeepIntoSportscom31109WorldBaseballClassicWatchIt345
50;[135.4251, 134.9865, 122.5956];Deepintosports-DeepIntoSportscom41109LessonsFromNickAdenhart789
51;[163.4503, 160.2547, 160.2896];Deepintosports-DeepIntoSportscom51909PlayoffLetdowns846
52;[103.705725, 98.90184, 95.69880499999998];DetrimentalInformati-BattleForTheTenCommandments529
53;[32.89848, 36.97547500000001, 26.825320000000005];DigitalFrontiers-ApolloBeyondCh21Of21TheFinalSolution255
54;[6.2364, 7.4916, 6.0916];Dinap830-GE17HeartOpeningStuff494
55;[75.55911428571429, 72.61549285714285, 64.29289285714285];Dinap830-GE22QuadsInnerHotness754
56;[26.951775, 27.184575, 24.46105];Dinap830-GE26BindsThoseBlastedTraps955
57;[44.12246, 43.60812, 38.73776];Dinap830-GE27CoreTransversusSixPack251
58;[8.0111, 9.2663, 7.8663];Dinap830-GE32AlternatingNostrilsBrains976
59;[77.95361, 75.94289, 67.34764];Dinap830-GE36EwLocusts586
60;[73.57108571428572, 72.26207142857143, 65.38388571428573];Dinap830-GE42ExercisesNotNice773
61;[71.10012307692308, 70.30737692307692, 65.61191538461539];Dinap830-GE50PostPartyTwist630
62;[43.67618, 43.3674, 40.4277];Dinap830-GE54CockeyedTwistArr876
63;[65.27496000000001, 61.15947000000001, 54.14544000000001];Dinap830-GE75TwoGurusADoOver839
64;[73.10774545454545, 68.43075454545455, 61.196000000000005];Dinap830-GE84PitsOpenNoBlues628
65;[85.06091111111112, 72.86608888888888, 48.31432222222222];Dinap830-GE93AlmostAtPeakPoseStretches509
66;[100.14786666666667, 87.99866666666667, 56.76070000000001];Dinap830-GE96WallNStrapStretching900
67;[121.564, 101.93430000000001, 86.67535];Dobro33H-CheapThrils651
68;[80.89573622047241, 68.08601259842524, 65.33311653543309];Drinkart-MakersMarkEggNogArtOfTheDrink51899
69;[129.35975599999998, 112.62335999999999, 103.61559999999997];Drinkart-SharkIceArtOfTheDrink67614
70;[109.26740884955751, 90.15859557522127, 81.73113982300887];Drinkart-SingaporeSlingArtOfTheDrink50269
71;[44.04216666666667, 34.94943333333333, 32.40496666666666];DrinkingWithBob-BritneySpearsIsGoingOnTour210
72;[118.7168, 108.706, 103.6778];Eclectone-HappyNewYearFromEclectoneRecords790
73;[117.79515, 112.8091, 110.68445];EconomyInCrisis-AlternativeFuelsComeback948
74;[118.62225000000001, 113.5907, 111.88865];EconomyInCrisis-AmericasRoots430
75;[127.7913, 121.98495, 119.40045];EconomyInCrisis-ASolutionToTheTradeDeficit674
76;[127.9058, 121.94005000000001, 119.48145];EconomyInCrisis-BailoutInfighting736
77;[62.56902727272729, 58.02736363636364, 80.07595454545454];EconomyInCrisis-EconomicIlliteracy922
78;[106.33196666666667, 93.31446666666666, 92.0729];EconomyInCrisis-FallingUSTaxRevenue222
79;[127.83500000000001, 121.86505, 119.6346];EconomyInCrisis-FalseFlagsOfRecovery150
80;[128.45655, 122.6072, 120.42830000000001];EconomyInCrisis-FearsOfANewRecession436
81;[127.80680000000001, 122.09035, 119.39245];EconomyInCrisis-FinancialReform130
82;[64.39890000000001, 61.036750000000005, 59.7766];EconomyInCrisis-FixingTheEconomy183
83;[127.71115, 121.9928, 119.41235];EconomyInCrisis-FreeTradeAndTheClassWar750
84;[128.43945, 122.5988, 120.36505];EconomyInCrisis-GMBankruptcy879
85;[89.08040000000001, 84.10300000000001, 96.7979];EconomyInCrisis-JusticeSoutersRetirement978
86;[127.77145000000002, 122.0352, 119.4298];EconomyInCrisis-MadeInTheUSA595
87;[100.4535, 90.8454, 84.91];EconomyInCrisis-PatChoateGovernment846
88;[105.11906666666665, 93.26299999999999, 96.6862];EconomyInCrisis-PotentialSolutions463
89;[127.81385, 121.89405, 119.3495];EconomyInCrisis-RoubinisViewOfRecovery247
90;[129.7144, 123.2492, 121.1642];EconomyInCrisis-TeslaMotors948
91;[127.81115, 121.98355000000001, 119.31545];EconomyInCrisis-TheAmericanDollar110
92;[96.7408, 97.15863333333333, 93.21353333333332];EconomyInCrisis-TheCostOfFixingTheUS363
93;[107.5757, 94.13816666666668, 92.74399999999999];EconomyInCrisis-TheEconomyIsWorseThanItAppears264
94;[127.73545000000001, 121.93010000000001, 119.2909];EconomyInCrisis-TheFedTransparencyAct911
95;[127.8037, 122.00455, 119.38695];EconomyInCrisis-TradeDeficitFallsForAllTheWrongReasons193
96;[127.7927, 121.97710000000001, 119.33525];EconomyInCrisis-WarrenBuffettInflationOnTheHorizon879
97;[59.15314000000001, 74.59362000000002, 37.68994];Eddiedotcom-TheCandySong809
98;[27.6656, 31.9437, 26.4529];Eduardoquezada-CarlosTheInternWinsSingingContest253
99;[31.590000000000003, 29.85100000000001, 39.88778333333334];Eduardoquezada-EduardoQuezadaEscandonEditorial419
100;[47.889768749999995, 43.537949999999995, 32.164056249999994];Eduardoquezada-QuerenciaCancionInterpretadaPorLosHnosQuezada599
101;[47.527950000000004, 28.680400000000002, 6.8854500000000005];Eighthrs-HardLuck790
102;[58.833783333333336, 53.26499999999999, 52.44825];Elinertv-CurtMegaAndLightInThePiazza111
103;[165.9196657142857, 159.74986285714286, 152.78275142857143];EngenderHealth-www3for1orgFromEngenderHealth990
104;[29.600233333333335, 32.51906666666667, 28.1895];Etopianewsnow-EdwardBunkerOnTheSocialContractAndSlavery908
105;[41.984899999999996, 46.7611, 41.63096666666667];Etopianewsnow-MarcLawrenceTalksAboutLongTimeNoSee175
106;[153.9491, 126.3717, 117.9215];Etopianewsnow-MarcyWinograds2006CampaignSpot458
107;[129.2233, 107.3095, 74.9549];Etopianewsnow-RachelMcAdamsExpressesGratitudeToTechnologyAtAMPASTechA158
108;[26.886625, 28.481025, 26.209774999999997];Fbchattiesburg-Miracle961
109;[120.05684285714285, 129.36981428571428, 119.80857142857143];Fbchattiesburg-OComeOCome735
110;[142.74512, 140.3647, 120.75992000000001];Fbchattiesburg-ThisIsOurGod551
111;[108.59, 91.0018, 70.8851];Fcumtv-CharlieOLoughlinChatsToFCUMTVAfterNantwichH130409932
112;[39.08473846153848, 51.14216923076924, 31.3482];Fcumtv-FCUnitedVAshtonUnited250309THEGOALS940
113;[135.87255, 142.94794000000002, 127.23281999999999];Fcumtv-FCUnitedVBradfordParkAvenueNPL250409GOALS284
114;[96.79, 87.6007, 68.6104];Fcumtv-MOTMSamAshtonChatsToFCUMTVAfterNFerriby04_04_09397
115;[44.38203333333333, 49.065933333333334, 42.042233333333336];Fcumtv-NantwichFACInterviewKyleWilson752
116;[14.348062500000001, 15.480775000000001, 14.429375];FinancialAidPodcas-2008SuperBowlXLIIAdFromTheStudentLoanNetwork346
117;[82.7572, 29.7062, 12.962];Francoventoso-2MarcoCalcinaroECarloDeSignoribusBluesOnTheRoad234
118;[59.1929, 25.2134, 10.3325];Francoventoso-3CarloDeSignoribusEAltriBluesOnTheRoad581
119;[45.9319, 46.14404, 40.7515];Francoventoso-francomorone6766
120;[151.1369, 117.0348, 78.6845];Globaldyana-4thOfJulyInMexicoCityAtArroyoRestaurant253
121;[17.9086, 19.944916666666668, 16.662066666666664];Golf-GolfTipLoosenUpTheGolfSwingAndStartFeeling469
122;[46.255649999999996, 47.682933333333324, 44.55971666666667];Golf-GolfTipStopTheThoughtProcessAndStartFeeling612
123;[137.40896153846154, 154.15610769230767, 121.00203846153848];Golf-PuttingOnFastGreens920
124;[142.89046428571427, 135.02262142857145, 118.30777142857141];Golf-QolfGameHighlight190
125;[103.0623375, 107.4722, 111.19608749999999];Golf-YesDonnaPutter794
126;[139.21184375, 155.05452499999998, 148.49401874999998];GolfLifeTips-HitLongDrivesWithThisPowerTip197
127;[143.34261999999998, 137.3106, 133.70908];GolfLifeTips-TaylormadeTourBurnerDriverReview339
128;[137.4893, 129.1822, 113.0117];Gracebible-052409PMRememberPeopleOnMemorialDay592
129;[121.04154444444445, 125.40299999999999, 135.76973333333333];Griotgreg-2009AcuraTLSHAWD834
130;[144.59195, 150.9315, 162.80282499999998];Griotgreg-2009VWTOUAREGTDI665
131;[128.5104125, 131.64625, 142.754175];Griotgreg-2010LexysHS250h753
132;[149.61745833333336, 149.126975, 140.679775];Griotgreg-BentleyContientalGT224
133;[146.42365714285714, 149.42455714285714, 139.90848571428575];Griotgreg-HondaInsight305
134;[161.79772499999999, 160.04547499999998, 168.2252583333333];Griotgreg-NissanAltimaCoupe487
135;[124.72296923076922, 126.09733076923077, 127.40384615384616];Griotgreg-TheVeggieCar998
136;[115.3404, 118.1038, 112.3946];Grollett-GRoUpdateOnRockForHungerFest3719
137;[42.5888, 41.6382, 36.4478];Guidonia-DisabiliAGuidoniaMontecelio111
138;[54.6048, 44.6277, 35.2281];Guidonia-LionsPubTivoliLocaleSalsaKaraokePianoBarVillaAdrian290
139;[55.08846666666667, 41.47663333333333, 35.78706666666667];Guidonia-LionsPubTivoliLocaleSalsaKaraokePianoBarVillaAdrian479
140;[55.65195, 38.37905, 30.5516];Guidonia-LionsPubTivoliLocaleSalsaKaraokePianoBarVillaAdrian886
141;[133.34210000000002, 108.3347, 87.7659];Guidonia-palestraguidoniacollefiorito361
142;[81.58523225806447, 76.46135967741938, 73.08594354838709];GVTVNEWS-GVTVNews010308NCTV11Part2854
143;[8.522763636363642, 8.704581818181824, 8.95574545454546];GVTVNEWS-GVTVNews010508NCTV11Part2805
144;[97.43454, 101.947844, 88.97283599999999];GVTVNEWS-GVTVNews070307540
145;[70.6955, 65.27055, 61.10735];GVTVNEWS-GVTVNews073108NCTV11557
146;[85.334325, 80.226925, 69.4767];GVTVNEWS-GVTVWeather072007743
147;[73.0248, 74.8792, 74.4911];Heywood-EKGZZLiveMusicVideoCheapSunGlasses717
148;[161.47756666666666, 152.47306666666665, 133.94893333333334];Hrocus-BradKlippert400
149;[163.20090000000002, 155.06423333333333, 143.11893333333333];Hrocus-BruceDammeier493
150;[92.12305000000002, 75.87301666666666, 67.70163333333333];Hrocus-JanAngel693
151;[75.65626666666667, 67.54536666666667, 63.61693333333333];Hrocus-JohnAhern223
152;[126.18006, 125.23158000000001, 126.21806];Hrocus-norma2891
153;[135.8467, 135.4559, 139.4496];InnerBonding-UnderstandingAndOvercomingAddictions970
154;[64.86366666666667, 60.91, 54.50156666666667];Ironmanrecords-LastUnderTheSunNotInMyName2004Breizh383
155;[28.0252861111111, 37.63673194444446, 40.88702222222223];Ironmanrecords-LastUnderTheSunTheDon758
156;[176.0124142857143, 174.77977142857142, 166.6094285714286];Jake-JeanMichelJarreOxygenePlayedByMeOnTheKeyboard480
157;[134.10293333333334, 113.80451666666666, 93.40823333333333];Jasonheath-BassByChrisThrelkeldWiegand763
158;[108.8596, 103.5794, 93.6112];Jasonheath-BassForSaleContactToddMatthewsForDetails997
159;[45.566649999999996, 42.72842500000001, 38.68055];Jasonheath-IanHallasPerformsBottesiniMvt1997
160;[45.17106666666666, 39.342400000000005, 27.455200000000005];Jasonheath-MyCrazyStandPartner806
161;[146.74386666666666, 146.81996666666666, 143.1975];Jasonheath-RealitiesOfFulltimeFreelancing244
162;[73.55474400000004, 71.158098, 69.70398200000002];JeffBrooks-CarCraftNationals2008CorvetteZ06181
163;[122.7232, 99.397, 115.7723];JeffBrooks-WelcomeToScreamFresh457
164;[22.4228, 14.5346, 14.4288];JillForrest-YogaBabyEpisode21724
165;[80.6417, 83.5349, 100.5038];JimCropcho-jimUglyBetty704
166;[110.37537297297297, 98.17455675675679, 81.54800810810809];Johnlieberman-FoodgangFrenchRestaurantMiamiBeachSurfsideReviewByJohnL624
167;[103.95062647058822, 86.57338235294117, 77.87193529411766];Johnlieberman-SpecchioItalianRestaurantMiamiBeachSurfsideReviewByJohn753
168;[50.85079166666667, 40.86850666666667, 29.326179999999997];KELLYTV-ANGELSANDDEMONSFEATURETTE369
169;[68.4269238095238, 65.94598571428574, 59.829639682539685];KELLYTV-IFIWASYOURMANBYJOE111
170;[54.2903875, 50.168924999999994, 41.94579375];KELLYTV-LIFEAFTERDEATHJAMALWOODARDSOULSNATCHER818
171;[59.77442837837837, 54.54588108108109, 44.80722837837839];KELLYTV-PRECIOUSMOVIETRAILERBYTYLERPERRYNORRAH403
172;[116.59232000000002, 98.30998, 117.71160666666667];KELLYTV-SOUTHERNENTERTAINMENTAWARDSVOTE4KANERIDIAMOND211
173;[86.44887647058825, 74.34920588235295, 71.78226470588234];Labambola-Teaser20DelVideobookDeCristinaDominguez639
174;[36.88605, 38.6301, 42.4768];Lauraflanders-BillFletcherIranCommentaryOnGRITtv642
175;[70.980275, 66.367475, 60.804175];Lauraflanders-CommentaryAlexCarlin716
176;[26.69536666666667, 29.66073333333333, 40.57586666666666];Lauraflanders-DavidSirotaAFunnyThingHappenedOnTheWayToDenver739
177;[24.73325, 26.468950000000003, 31.886850000000006];Lauraflanders-DavidSirotaCountryFirst158
178;[28.113400000000002, 29.918099999999995, 40.4917];Lauraflanders-DavidSirotaMakingGoliathWalk993
179;[96.9253, 88.5467, 80.2456];Lauraflanders-FWordJuly72008594
180;[63.657349999999994, 63.629450000000006, 71.83735];Lauraflanders-GRITtvCommentaryBillFletcherOnBaseball408
181;[60.532999999999994, 62.6321, 63.49843333333334];Lauraflanders-GRITtvCommentaryBrianJones977
182;[40.81095, 41.8947, 42.95785000000001];Lauraflanders-GRITtvCommentaryDavidSirotaOnJuly142008673
183;[21.314566666666668, 23.333700000000004, 28.915766666666666];Lauraflanders-GRITtvCommentaryDavidSirotaOnObamaAndCentrism866
184;[78.45039999999999, 79.8441, 81.702125];Lauraflanders-GRITtvCommentaryDedrickMuhammad775
185;[79.8257, 85.1548, 92.3265];Lauraflanders-GRITtvCommentaryDoIHearABidForPatientDebt945
186;[60.387566666666665, 61.0591, 64.52566666666667];Lauraflanders-GRITtvCommentaryHeidiBoghosian632
187;[70.52387142857143, 66.06748571428571, 62.63131428571428];Lauraflanders-GRITtvCommentaryJune232008546
188;[55.94987499999999, 56.298674999999996, 59.687475000000006];Lauraflanders-GRITtvCommentaryLauraFlandersOnDelMartinsPassing980
189;[69.3088, 68.2577, 59.4705];Lauraflanders-GRITtvCommentaryMarthaBurk867
190;[58.00725, 59.802800000000005, 62.121849999999995];Lauraflanders-GRITtvCommentaryMoniqueHarden9308247
191;[75.22173333333332, 66.85103333333333, 61.9561];Lauraflanders-GRITtvCommentarySomeThingsThatNeverChange896
192;[5.5392, 5.4924, 4.7699];Lauraflanders-GRITtvCommentaryTheFoodCrisis776
193;[38.3897, 35.4264, 32.9773];Lauraflanders-GRITtvDavidBenderOnTheHillaryRFKFlap225
194;[68.35005000000001, 67.305575, 61.77292500000001];Lauraflanders-GRITtvFeaturesRemixDISAPPOINTMENTStranahan875
195;[72.16956, 79.98767999999998, 85.6408];Lauraflanders-GRITtvFWordJuly92008321
196;[58.67514999999999, 55.606000000000016, 51.08744];Lauraflanders-GRITtvPhyllisBennisCommentary874
197;[54.240449999999996, 50.524899999999995, 46.9839];Lauraflanders-LiveFromMainstreet902
198;[51.04506666666666, 55.375233333333334, 54.13143333333334];Lauraflanders-TheFWordAugust112008131
199;[15.08455, 19.2162, 21.202699999999997];Lauraflanders-TheFWordAugust122008443
200;[49.11676666666667, 52.421633333333325, 53.113400000000006];Lauraflanders-TheFWordAugust132008181
201;[85.7968, 86.9565, 86.5448];Lauraflanders-TheFWordAugust142008569
202;[25.510944444444437, 27.236199999999997, 26.328455555555564];Lauraflanders-TheFWordAugust182008896
203;[65.11276000000001, 73.54786, 77.28536];Lauraflanders-TheFWordAugust192008478
204;[68.37625, 80.59224999999999, 88.78765];Lauraflanders-TheFWordAugust272008LiveFromDNC258
205;[68.4196, 75.5192, 82.42909999999999];Lauraflanders-TheFWordAugust282008LiveFromDNC679
206;[59.75715, 54.408699999999996, 49.06235];Lauraflanders-TheFWordAugust52008441
207;[49.0856, 48.51895, 47.13785];Lauraflanders-TheFWordAugust72008ISOLATED484
208;[61.411199999999994, 58.519, 60.449425000000005];Lauraflanders-TheFWordJuly142008282
209;[78.611225, 77.867525, 79.47125];Lauraflanders-TheFWordJuly162008867
210;[59.57535, 70.002475, 79.63775];Lauraflanders-TheFWordJuly172008163
211;[61.81765, 54.3823, 45.6865];Lauraflanders-TheFWordJuly22008710
212;[63.960642857142865, 65.63879999999999, 65.90357142857142];Lauraflanders-TheFWordJuly232008742
213;[34.1713, 40.505320000000005, 43.81072];Lauraflanders-TheFWordJuly242008216
214;[70.43639999999999, 67.2606, 66.89320000000001];Lauraflanders-TheFWordJuly32008736
215;[72.16956, 79.98767999999998, 85.6408];Lauraflanders-TheFWordJuly92008224
216;[45.61193749999999, 47.89027500000001, 50.4599];Lauraflanders-TheFWordMourningStephanieTubbsJonesAugust212008222
217;[48.130566666666674, 55.3963, 63.454766666666664];Lauraflanders-TheFWordSeptember22008627
218;[50.00961666666666, 52.72970000000001, 55.210416666666674];Lauraflanders-TheFWordSeptember32008677
219;[55.16001666666667, 56.79065, 56.162299999999995];Lauraflanders-TheFWordSeptember82008269
220;[72.55232000000001, 81.39806000000002, 81.93933999999999];Lauraflanders-TheFWordSeptember92008677
221;[125.6746, 106.5081, 102.4708];Lauraflanders-TheFWordTheEconomyOfGenerosity808
222;[54.106325, 66.12242499999999, 76.80715000000001];Lauraflanders-TheFWordWhyIsntRoveInJail919
223;[60.28693333333333, 59.78163333333333, 56.54026666666666];Lauraflanders-TheFWordWhyObamaNeedsANewDealAugust42008168
224;[111.34723333333336, 96.67488750000003, 76.88943333333333];Legourmettv-1860BeerBrewingPart3901
225;[113.55927812499996, 89.03155624999998, 67.61945624999997];Legourmettv-BraisedVealInStout230
226;[68.61592, 67.84116666666667, 57.169493333333335];Legourmettv-CajunSpiceRubRecipe979
227;[93.22892499999999, 87.93298750000001, 79.70332083333334];Legourmettv-CleaningMussels450
228;[61.90815, 64.8129, 63.028412499999995];Legourmettv-CuminSaladDressingRecipe423
229;[81.67425000000001, 80.03963333333333, 69.74874999999999];Legourmettv-HotAndSpicyGrillRub861
230;[89.1320068965517, 78.03824137931034, 63.708458620689676];Legourmettv-HowToMakeAGrahamCrackerCrust902
231;[97.4140551724138, 90.68771034482761, 78.0112793103448];Legourmettv-HowToMakeEggMeringue127
232;[55.56932222222222, 59.668922222222214, 52.08623333333334];Legourmettv-MontrealSteakSpiceRecipe377
233;[83.76398750000001, 84.30831875000001, 77.21666875];Legourmettv-PEIFoodFestivals124
234;[86.20310952380953, 82.2581523809524, 67.54672380952381];Legourmettv-RibNChickenSpiceRubRecipe479
235;[158.0053, 128.8564, 84.1941];Lhgreene-RogueOperasLaBohemePromoVideo466
236;[121.63136666666666, 98.78006666666664, 88.28592222222223];Libationblog-CucumberCupCocktailRecipe810
237;[87.95092727272727, 80.04571818181817, 65.04471818181818];Libationblog-JDSmoothieDrink389
238;[29.34775, 13.3323, 15.32235];Livingasiachannel-DTCCIDSFCOMPETITION190
239;[122.994, 68.3264, 37.8453];Livingasiachannel-DTCCIDSFCOMPETITION980
240;[142.38154333333335, 126.30006999999999, 102.04520333333335];Lorenzosmusic-DrinkinByMyselfLorenzosMusic722
241;[100.30044000000001, 97.60083, 86.15433];Luukdiphoorn-InternationalWaterHouseWithoutWater460
242;[27.109514285714287, 17.049442857142857, 12.747314285714285];Maqex-AmorDeMadreLuisEnriqueMejaGodoy431
243;[149.87175882352943, 161.36047058823524, 174.8375647058824];Marcdavid-BurnTheFatInnerCircleVideoTour518
244;[115.81594, 91.26168, 50.10424];Marquisdejolie-IWasOnSteroids803
245;[83.62280344827586, 84.94053448275861, 78.98592758620688];Marquisdejolie-PennyArcadeOfMyEarlyStuff522
246;[126.85447380952391, 113.02898571428568, 92.64645238095235];Marquisdejolie-VALiars489
247;[110.21441428571428, 93.67964285714287, 79.98844285714286];Marquisdejolie-VisitingTheShelterPart3147
248;[60.93787999999999, 51.42074, 46.315819999999995];Mcusa-ArmorOfGod942
249;[25.8826, 19.5158, 19.4397];Mdtmusic-InTheNameOfTheFamilySuite496
250;[48.219, 33.3178, 20.2806];Mdtmusic-Salvation491
251;[57.108, 40.617, 24.9668];Mdtmusic-SpaceAce273
252;[72.15728374999999, 59.981376250000025, 62.44385375000003];Mediagrouptv-CircuitoOff2008Day01OpeningParty179
253;[67.83246086956522, 62.47037173913045, 62.67591956521738];Mediagrouptv-SecondSexeTintoBrassKickTheCockCircuitoOff2008Day04684
254;[57.46792857142857, 59.53642142857142, 53.00747142857144];MeetCleaverTheatre-MCTBlackSheep339
255;[86.93915806451612, 85.8079193548387, 79.57493870967741];MeetCleaverTheatre-MCTTribulation99ZELDA494
256;[20.8949, 26.8454, 20.1033];Menomenation-NoahGundersenJesusJesusLiveTheRedRoom3152009756
257;[62.39169999999999, 64.97573333333334, 61.20516666666666];Microdac-Birds199
258;[27.270979999999998, 22.3041, 21.226239999999997];Mode2-LeeveyILikeLove494
259;[34.807731249999996, 25.58225937500001, 18.286576562500002];Mtaatv-AYFeatAvrilLeoRemix882
260;[32.770737499999996, 36.401925, 27.25081875];Mtaatv-CannibalIWish186
261;[17.911825, 13.383375000000001, 9.6983];Mtaatv-WyreSheSayDat487
262;[128.3966058823529, 103.98540000000001, 78.85845294117648];Muzik4machines-MuddyMilfshakeMuzik4MachinesNewRoomIMovie743
263;[92.8196, 130.8895, 61.94586666666667];Nerdgasmic-BattlestarGalacticaRevelations479
264;[33.78898125, 35.313868750000005, 33.351406250000004];Newsdate2011-Episode1ADevilOnMyDesk541
265;[135.36523333333332, 105.34006666666666, 51.7754];NickDutch-AGhostStory421
266;[137.03462028985507, 131.07942318840577, 125.32830579710142];NickDutch-FreeTarotReadings127
267;[93.0611, 88.4176, 83.7321];NickDutch-FreeTarotReadings262
268;[134.8346, 131.959, 107.4134];NickDutch-FreeTarotReadings291
269;[119.2515, 129.1171, 103.4647];NickDutch-FreeTarotReadings465
270;[102.42501999999999, 108.53992000000001, 87.98929999999999];NickDutch-FreeTarotReadings781
271;[51.56626666666667, 86.97886666666666, 115.35846666666667];NickDutch-TheTarotShowWithNickDutch435
272;[117.4998, 131.0732, 102.365];NickDutch-TheTarotShowWithNickDutch513
273;[117.4696, 131.0327, 102.5095];NickDutch-TheTarotShowWithNickDutch568
274;[37.4989, 35.092, 25.4803];Nitaai-00001EveryActionHasReaction589
275;[41.9323, 47.819050000000004, 35.7873];Nitaai-00001SoundVibration952
276;[213.9006, 214.0208, 116.6322];Nitaai-00003JanuKunda829
277;[255.0, 255.0, 255.0];Nitaai-0004GundichaMarjanaPastime1525
278;[158.2813, 144.6186, 71.4525];Nitaai-02AllPotenciesinHolyName292
279;[127.51961111111112, 84.35385555555554, 42.06202222222222];Nitaai-07Rathayatra981
280;[80.85693333333333, 87.78021666666666, 60.30133333333333];Oneteaaweek-OneTeaAWeekIntroductionVideoPodcast418
281;[79.09847058823529, 79.72140588235295, 60.83906176470587];Opiatefilms-BasketcaseActionscifiWebseriesPilot459
282;[52.945532142857125, 57.957432142857144, 49.37198571428571];Opiatefilms-SimonEmilyFHTAPromoHQ175
283;[96.31837499999999, 82.770175, 66.92733125];Palau-PortlandCityFestPromo682
284;[26.18157499999999, 30.54087500000001, 24.040025000000007];Palau2-PortlandCityCouncilMeetingNickFishCommentsOnSeasonOfSe206
285;[68.34295454545456, 62.82639545454546, 57.94354999999998];Palau2-SeasonOfServiceOverviewForCatalyst393
286;[15.215525000000001, 15.721575000000001, 10.889675];Patrizio_m-50CentFeatJustinTimberlakeAyoTechnologyPatrizioMarchesa792
287;[119.63132857142857, 115.54451428571429, 112.7935285714286];PDXK-CyclocrossCrusadeAlpenroseRacePromo841
288;[69.15563846153842, 65.37800000000003, 75.88685897435892];PDXK-DrillBabyDrillAtTheRNC569
289;[36.497325, 33.842812499999994, 31.913425000000004];Petepo-DriveLessSaveMoreInfomercial904
290;[85.81447142857142, 74.63531428571427, 66.00795714285714];Plus1tv-BarcraftTrailer801
291;[46.562609090909085, 28.561900000000005, 25.430818181818186];Poetminor158-BllyLittleInterview663
292;[43.01623333333333, 40.59396666666667, 32.9739];Poetminor158-ElderJosephLTolton322
293;[54.370960000000004, 50.566880000000005, 42.890460000000004];Poetminor158-ReverendJamaulRoots260
294;[47.569566666666674, 41.50246666666667, 41.054766666666666];Poetminor158-ThePoetOfTheMillenium230
295;[71.40062307692311, 63.48732307692308, 108.83986923076925];Politicallunch-PoliticalLunch011508597
296;[65.73356818181821, 68.7805090909091, 67.46738181818185];Politicallunch-PoliticalLunch022108ThursdaySnack106
297;[114.355632, 113.61413599999996, 100.70952];Politicallunch-PoliticalLunch022908795
298;[127.4723636363637, 128.9484909090909, 112.90344545454546];Politicallunch-PoliticalLunch031108TuesdaySnack693
299;[83.40933750000002, 90.27788750000002, 92.00821249999997];Politicallunch-PoliticalLunch031808TuesdaySnack327
300;[94.78990000000003, 97.48860000000003, 93.00492631578948];Politicallunch-PoliticalLunch032508TuesdaySnack271
301;[91.0627884615385, 87.23086923076924, 86.75187307692305];Politicallunch-PoliticalLunch040908974
302;[118.2141, 112.97278571428573, 111.92421428571429];Politicallunch-PoliticalLunch041008GayRightsThursdaySnack297
303;[132.11299374999996, 131.67260624999997, 131.93801875000005];Politicallunch-PoliticalLunch041508TaxDaySpecial648
304;[68.96650666666677, 66.07095666666663, 64.1861166666667];Politicallunch-PoliticalLunch042108930
305;[87.39287857142855, 103.26637857142858, 109.78876428571425];Politicallunch-PoliticalLunch042408ThursdaySnack939
306;[99.01630370370376, 99.10755185185188, 100.6656444444445];Politicallunch-PoliticalLunch042508736
307;[136.01967058823527, 130.66662352941177, 133.53252941176467];Politicallunch-PoliticalLunch042908TuesdaySnack650
308;[100.98213999999999, 97.46418, 96.73656];Politicallunch-PoliticalLunch050608PrimaryTuesdaySnack577
309;[80.47474615384614, 79.6585076923077, 86.10692307692307];Politicallunch-PoliticalLunch050808MichiganSnack528
310;[111.05087272727273, 98.33885454545454, 88.3578909090909];Politicallunch-PoliticalLunch051308111
311;[46.43757272727274, 48.36773181818185, 48.73041363636357];Politicallunch-PoliticalLunch052708875
312;[131.1258846153846, 126.71460000000003, 120.16730769230773];Politicallunch-PoliticalLunch081208TuesdaySnack407
313;[82.51923548387093, 75.16931290322584, 76.61406451612902];Politicallunch-PoliticalLunch090608BrunchSpecial10Lessons852
314;[75.96683124999998, 73.24155625, 74.7616125];Politicallunch-PoliticalLunch090908TuesdaySnack967
315;[99.57076363636371, 97.70370909090916, 99.69344545454555];Politicallunch-PoliticalLunch092308150StrategySnack991
316;[95.88866842105263, 101.62346315789479, 106.6689421052632];Politicallunch-PoliticalLunch093008BailoutBillBlameGameSnack740
317;[96.7691512195122, 99.84005853658527, 103.7484463414634];Politicallunch-PoliticalLunch100208VPDebateSnack646
318;[97.26881249999998, 93.80470000000003, 93.03808749999999];Politicallunch-PoliticalLunch100708TuesdaySnack145
319;[89.37789999999998, 99.33898125, 103.99571250000002];Politicallunch-PoliticalLunch101408ProtectingYourVote472
320;[116.91485833333337, 118.23977500000002, 118.77096666666671];Politicallunch-PoliticalLunch102108TuesdaySnack635
321;[109.7720722222222, 111.88675555555551, 115.47963888888893];Politicallunch-PoliticalLunch112007TuesdaySnack438
322;[122.0788, 112.7223, 95.2378];PrivateLessons-PrivateLessonscomSoundbitesNewYorkSingerJacquelynFamilant367
323;[108.1885, 103.3451, 79.4706];PrivateLessons-PRIVATELESSONSSoundbitesReneeSaxonPhoenixVoice206
324;[124.7374652173913, 114.73521304347828, 106.60669565217394];Publicdomain-advertisment_aurora_drag_race_set681
325;[29.256439999999998, 29.51248, 28.925780000000003];Publicdomain-advertisment_baggies_plastic_bags573
326;[51.411566666666666, 51.6955, 51.270399999999995];Publicdomain-advertisment_crest_toothpaste800
327;[57.28506, 57.56572, 57.105740000000004];Publicdomain-advertisment_crest_toothpaste_1310
328;[109.74318888888891, 111.02057777777776, 107.36755555555555];Publicdomain-advertisment_folgers_coffee_10207
329;[74.75303333333333, 76.04770000000002, 73.31165555555555];Publicdomain-advertisment_folgers_coffee_5754
330;[97.46058000000001, 98.58768000000002, 95.31284000000001];Publicdomain-advertisment_folgers_coffee_8927
331;[65.9958388888889, 66.68233888888888, 64.48161111111114];Publicdomain-advertisment_ge_bender408
332;[96.08037, 83.85846000000001, 70.11381];Publicdomain-advertisment_ivory_soap497
333;[64.21604, 64.43350000000001, 64.02821];Publicdomain-advertisment_jet_national563
334;[116.15568571428572, 116.59510000000002, 115.75720000000001];Publicdomain-advertisment_mennen_baby_magic442
335;[80.91852499999999, 74.50457499999999, 65.96422500000001];Publicdomain-advertisment_newport_cigarettes_1259
336;[93.78150000000001, 101.5292, 87.235825];Publicdomain-advertisment_newport_cigarettes_3657
337;[125.93996666666668, 127.51563333333333, 120.71083333333333];Publicdomain-advertisment_new_port_cigarettes_5531
338;[75.34960000000001, 75.91101428571429, 74.46338571428574];Publicdomain-advertisment_norelco_shaver677
339;[64.51415, 64.92965, 63.83015];Publicdomain-advertisment_oldsmobile_2707
340;[76.95286875000001, 77.94013125000001, 75.6045];Publicdomain-advertisment_sunbeam_bread_1400
341;[84.8146111111111, 86.15731111111111, 82.79236666666667];Publicdomain-advertisment_sunbeam_bread_4359
342;[92.00435000000002, 93.5534, 90.55455];Publicdomain-advertisment_sunbeam_bread_6984
343;[81.28772000000001, 81.8133, 79.37164];Publicdomain-advertisment_sunbeam_bread_8815
344;[132.91278333333335, 134.53103333333334, 130.49699999999999];Publicdomain-advertisment_sunbeam_bread_9274
345;[98.41594615384612, 82.96555384615384, 71.44254615384615];Publicdomain-advertisment_tide619
346;[69.30108571428572, 58.58686428571429, 50.39335];Publicdomain-advertisment_us_steel_1373
347;[25.402233333333328, 25.581433333333333, 25.274033333333332];Publicdomain-advertisment_vicks_ny_quil298
348;[162.5756, 166.6033, 160.3444];Publicdomain-advertisment_vitalis876
349;[90.33139322033898, 95.85950169491522, 88.5729084745763];Publicdomain-humorous_funny_faces_1906278
350;[73.75294000000001, 72.73549, 60.13996000000001];QueerAsFaith-MyLifeIsInYou910
351;[55.760189473684235, 44.90636315789475, 35.72278947368422];Repgeorgemiller-CongressPassesLandmarkEnergyBill633
352;[103.1911, 104.1144, 100.0216];ReViewMe-FunStuffMyDogLibby508
353;[10.5272, 10.5272, 10.5272];ReViewMe-LongAnimeSeriesRant505
354;[75.678, 73.96525, 71.666];ReViewMe-ReViewMeEpisode11TwoForOneTwilightBookAndMovieReview756
355;[162.2827, 162.0992, 157.521];ReViewMe-ReViewMeEpisode14SkilletAwakeAlbumDeluxeEdition473
356;[120.7282, 94.7221, 74.7872];ReViewMe-TsubasaReservoirChronicleVolumes16Unboxing339
357;[19.2942, 18.095855555555556, 18.226077777777775];Rhayes-Refresh08TuesdayMorning600
358;[245.0396375, 239.55523749999998, 221.43918750000003];Rhayes-TheFoundationForEvangelismWhatWeFund393
359;[137.1142, 118.9961, 119.3072];Rmc-BusLaneWithParkingSpaces977
360;[97.7915, 97.9357, 90.5508];Robmumble-QManPromo445
361;[7.936550000000001, 12.8089375, 15.816550000000001];Runadun-2008AnEggOdyssey534
362;[101.35266666666666, 90.38175833333332, 63.12788333333333];RVO174-Episode17Persimmons850
363;[94.86507800000005, 97.00284600000005, 71.18752199999994];Sabbah-ZionismVsJudaism498
364;[67.45933793103447, 58.45984482758621, 54.63449310344828];SceneStealers-IronManMovieReviewBySceneStealerscom872
365;[11.14387777777778, 12.44052222222222, 10.234333333333334];SceneStealers-SceneStealerscomRedesignTeaser1666
366;[17.4965, 17.716433333333335, 14.83341666666667];SceneStealers-SceneStealerscomRedesignTeaser2723
367;[79.0399, 82.61112499999999, 73.914765];Scottyiseri-SGAOJS02E24306
368;[78.4078, 70.1657, 116.8162];SEEPROGRESS-AfterTheEconomicMeltdown947
369;[51.08065581395342, 54.37078604651156, 48.82849069767447];SEEPROGRESS-ANewEconomicEngineEnergyInThe21stCentury798
370;[50.11042142857142, 50.82042499999999, 48.755239285714346];SEEPROGRESS-ApollosFireIgnitingAmericasCleanEnergyEconomy987
371;[77.05123333333336, 77.11207333333336, 77.4466466666667];SEEPROGRESS-BalacingTheBudgetIraqCostsShouldntStopInvestingInAmeric453
372;[77.89847000000006, 79.21987500000004, 77.12046000000005];SEEPROGRESS-CleanMyRideFlexMyFuelStarringBenAffleckMattDamonCen180
373;[33.46982857142857, 33.36322857142857, 37.12594285714285];SEEPROGRESS-ClimateChangeTheStateOfTheUnionASKTHEEXPERTDanWeis539
374;[31.451857142857143, 31.01224285714286, 34.66762857142857];SEEPROGRESS-TheHealthCareCrisis47MillionCantAffordToGetSick131
375;[0.2512, 0.2717, 0.2715];SEEPROGRESS-TheTyrranyOfDeadIdeasMattMillerHIGHLIGHTS844
376;[31.5528125, 30.676837500000005, 34.473949999999995];SEEPROGRESS-TheYahooMicosoftMergerHowPrivateIsYourPrivacyOnline274
377;[214.924, 215.21176666666668, 218.45496666666665];SEEPROGRESS-ThisWeekInCongressJuly232007CenterForAmericanProgress303
378;[178.55363333333332, 178.73964444444445, 180.3391888888889];SEEPROGRESS-USIraqPolicyNeedsAStrategicResetDrLawerenceKorbOnRec361
379;[121.7405, 117.7976, 116.643];SeraphimWines-SamScarparisWINEPORNOTV17469
380;[76.75591818181819, 69.94702727272727, 70.88061818181816];Sgallasch-2008ArnoldStrongmanClassicDVDPreview792
381;[81.26192, 71.03032, 64.83428];Sgallasch-2008NABBAUNIVERSEDVDPREVIEW975
382;[46.93541666666667, 46.95085000000001, 46.458333333333336];Sgallasch-Melvin_BlackandWhite352
383;[122.17744999999998, 102.43838333333332, 80.59098333333334];Sgallasch-SUSANBORGFIGURECHAMPIONMAGNIFICENTMALTESEMUSCLE122
384;[128.12121666666667, 112.42850833333331, 102.69444166666666];Sgallasch-wwwgmvcomau_2006_NABBA_Universe894
385;[22.362640000000003, 19.886400000000002, 16.4695];Sgallasch-wwwgmvcomau_ahmadhaidar918
386;[31.392266666666668, 26.151866666666667, 24.26073333333333];Sgallasch-wwwgmvcomau_al_beckles640
387;[16.1289, 12.6469, 12.6753];Sgallasch-wwwgmvcomau_charles_mario868
388;[31.54876153846154, 31.449246153846147, 29.724669230769226];Sgallasch-wwwgmvcomau_gmv019dvd198
389;[118.5051, 106.8364, 99.95724545454546];Sgallasch-wwwgmvcomau_GMV318DVD211
390;[76.9663, 79.1455, 81.7483];Sgallasch-wwwgmvcomau_GMV324DVD144
391;[32.660871428571426, 30.75841428571428, 32.22691428571429];Sgallasch-wwwgmvcomau_GMV344360
392;[51.290666666666674, 44.85803333333334, 39.41373333333333];Sgallasch-wwwgmvcomau_GMV380DVD926
393;[77.2374, 79.594, 82.3882];Sgallasch-wwwgmvcomau_GMV403DVD541
394;[202.9708, 201.0815, 201.0632];Sgallasch-wwwgmvcomau_gmv430784
395;[56.12648, 50.73946, 57.009040000000006];Sgallasch-wwwgmvcomau_GMV648DVDpriest842
396;[82.79891666666667, 80.17736666666667, 81.15580000000001];Sgallasch-wwwgmvcomau_GMV659DVD772
397;[18.0298, 16.8217, 5.2373];Sgallasch-wwwgmvcomau_Lenda_Murray502
398;[40.83418666666667, 36.33892666666667, 32.81536666666667];Sgallasch-wwwgmvcomau_MelvinAnthony_Contest_Ready229
399;[33.476125, 28.328075000000002, 30.807225000000003];Sgallasch-wwwgmvcomau_mikeohearn_craigtitus919
400;[47.775846666666666, 38.26030666666667, 34.665179999999985];Sgallasch-wwwgmvcomau_rich_gaspari446
401;[112.5432, 115.6672, 120.3525];Sgallasch-wwwgmvcomau_V008DVD456
402;[58.7185, 51.47434545454546, 47.00069090909091];Sgallasch-wwwgmvcomau_V195DVDDennis832
403;[39.78558888888889, 32.97761111111111, 32.35153333333333];Sgallasch-wwwgmvcomau_V203DVD106
404;[28.70294166666667, 30.03386666666667, 31.88588333333334];SnitcherTV-SnitcherHardcoreBluesII362
405;[80.7167, 80.1973, 81.5186];SnitcherTV-SnitcherHardcoreBluesIII417
406;[38.5438, 38.3648, 40.3105];SnitcherTV-SnitcherHardcoreBluesIV328
407;[137.66205714285715, 104.90777142857145, 113.28358571428573];Solique-CinemaSceneDiscussionsMilosForman782
408;[107.33968888888893, 78.53987037037035, 78.21360370370367];Solique-TheRapeOfEuropaReview951
409;[33.56895, 33.56895, 33.56895];Spcbrass-AdiosArrivederciAuRevoirAufWiedersehenAndGoodbye626
410;[130.4728, 132.3803, 121.9855];Spcbrass-RainDrops770
411;[73.3289, 78.7046, 126.98242];SPI-ThursdayJuly242008BreakingNewsEdition202
412;[99.2441037037037, 97.53944444444443, 88.05374074074076];Spindaily-IndependentSpiritAwardsRedCarpetStyle623
413;[178.8461888888889, 166.79086666666666, 146.7283222222222];Spindaily-LAFashionWeekVerusNewYorkFashionWeek327
414;[206.05440000000002, 217.545425, 216.50695000000002];Srnyclips-SportsRadioNYAnimationPromo963
415;[66.397375, 62.39525, 62.324725];Stevegarfield-MyMomsCookies297
416;[71.89, 67.93926250000001, 61.6928875];Studiomuscle-DanielJohnstonTheLastSong904
417;[50.334514285714285, 45.040014285714285, 35.88925714285715];Stupidfamouspeople-AdimariLopezLuisFonsiArriveToMarcAnthonys40thBirthday894
418;[42.05323333333334, 37.05103333333333, 33.126533333333334];Stupidfamouspeople-AngelinaJolieSignsAutographsOutsideTheChangelingMoviePre561
419;[39.1209, 41.35059999999999, 29.7978];Stupidfamouspeople-BobWeirPhilLeshOfGratefulDeadSignAutographsInNYC882
420;[34.4094, 35.5643, 30.1805];Stupidfamouspeople-BoxingAnnouncerMichaelBufferInNewYorkCity949
421;[73.098575, 68.87540000000001, 63.783750000000005];Stupidfamouspeople-BradPittAndAngelinaJolieLeavingTheChangelingPremiereIn964
422;[72.0811, 63.3532, 50.1731];Stupidfamouspeople-ChristianCamargoLeavesAllMySonsOnBroadwayInNYC868
423;[46.52483333333333, 43.38013333333333, 39.6856];Stupidfamouspeople-ClayAikenAvoidsGayQuestionsFromPaparazziAtSpamalot742
424;[62.85085, 61.7501, 59.5308];Stupidfamouspeople-DakotaFanningArrivesToTheTodayShowInNewYorkCity427
425;[52.729600000000005, 50.57906666666668, 38.10746666666667];Stupidfamouspeople-FergieOfTheBlackEyedPeasArrivesAtFashionRocks2008Rehe858
426;[121.6677, 137.6581, 146.9452];Stupidfamouspeople-GuadalupeLopezJenniferLopezMotherArrivesToMarcAnthonys4115
427;[107.5519, 102.7541, 105.0975];Stupidfamouspeople-HarveyKeitelLeavesBarneysInNewYorkCity673
428;[17.20165, 15.801424999999998, 11.264675];Stupidfamouspeople-JamieOliverTheNakedChefTalksOutsideDavidLetterman750
429;[34.97933333333334, 34.26625000000001, 31.70481666666667];Stupidfamouspeople-JayZAndKanyeWestLeaveMarcJacobsSpring2009FashionShowI466
430;[62.929628571428566, 57.105535714285715, 48.99554285714286];Stupidfamouspeople-JenniferLopezAndVictoriaBeckhamArriveToTheMarcJacobsSp767
431;[27.965983333333337, 22.643116666666668, 22.517416666666666];Stupidfamouspeople-JohnMayerAndBrotherCarlMayerLeaveNobuRestaurantInNewY868
432;[93.1046, 74.0142, 75.141];Stupidfamouspeople-JohnMayerLeavesHisSohoApartmentInNewYorkCity226
433;[91.5642, 87.1098, 81.8747];Stupidfamouspeople-KatieHolmesStrollingThroughNewYorkCityAfterLeavingHerD440
434;[44.8687, 39.56, 29.55665714285714];Stupidfamouspeople-KimoraLeeSimmonsDjimonHounsouArriveToMarcAnthonys40th435
435;[41.2389, 39.245, 33.617];Stupidfamouspeople-KimRaverLeavesMarcJacobsSpring2009FashionShowInNewYor562
436;[22.2946, 20.911, 16.1571];Stupidfamouspeople-KirstenDunstAtTheHounddogMoviePremiereInNYC985
437;[86.4031, 77.9685, 83.3472];Stupidfamouspeople-LeonaLewisAtFashionRocks2008InNewYorkCityFashionWeek531
438;[64.8141375, 56.10280000000001, 36.231187500000004];Stupidfamouspeople-LindsayPriceAndBoyfriendRobertBuckleyOutAndAboutInNew188
439;[63.05592727272727, 53.64595454545454, 47.63508636363636];Stupidfamouspeople-MileyCyrusChecksOutOfHerHotelInNewYorkCity258
440;[30.4838875, 28.465075, 19.252962500000002];Stupidfamouspeople-PaparazziFootageOfArtieLangOfHowardSternJokingWithFans826
441;[20.382199999999997, 14.592450000000001, 10.373416666666666];Stupidfamouspeople-PaparazziFootageOfBenAffleckAndJenniferGarnerWithoutBab353
442;[37.225880000000004, 35.380919999999996, 29.54602];Stupidfamouspeople-PaparazziFootageOfBrookeShieldsAndGinaGershonInNewYork651
443;[56.920959999999994, 54.91759999999999, 54.30708];Stupidfamouspeople-PaparazziFootageOfChampionBoxerRoyJonesJrAtGoodMorning829
444;[65.80284999999999, 67.37259999999999, 62.5364];Stupidfamouspeople-PaparazziFootageOfCynthiaNixonBeingGrumpyInTheCity519
445;[37.35693333333333, 34.384866666666674, 29.80026666666667];Stupidfamouspeople-PaparazziFootageOfEmmaRobertsJuliaRobertsNieceInNewYor546
446;[22.766900000000003, 19.47875, 15.56495];Stupidfamouspeople-PaparazziFootageOfGuitaristStevenVanZandtOfBruceSprings959
447;[17.653900000000004, 18.00815, 15.958950000000002];Stupidfamouspeople-PaparazziFootageOfJackBlackShowingOffHisKungFuPandaSk629
448;[25.934257142857145, 24.691000000000003, 19.054614285714287];Stupidfamouspeople-PaparazziFootageOfJennyLewisAtLateShowWithDavidLetterm133
449;[25.887457142857148, 24.756928571428574, 19.18067142857143];Stupidfamouspeople-PaparazziFootageOfJennyLewisAtLateShowWithDavidLetterm317
450;[30.061685, 31.04203, 29.32109000000001];Stupidfamouspeople-PaparazziFootageOfKateBosworthBoyfriendJamesRousseauIn611
451;[68.69471999999999, 55.528639999999996, 37.420139999999996];Stupidfamouspeople-PaparazziFootageOfKellyRutherfordWithHusbandAndBabySon620
452;[52.3382, 53.21215, 54.25461666666667];Stupidfamouspeople-PaparazziFootageOfRickyGervaisAtLateShowWithDavidLette756
453;[28.93945, 27.43415, 19.41035];Stupidfamouspeople-PaparazziSayingHelloToTomCruisesMomAndKatieHolmesParen826
454;[34.28143157894738, 28.172321052631585, 21.662284210526312];Stupidfamouspeople-PaparazziVideoOfKateBosworthAndBoyfriendJamesRousseauIn959
455;[91.5322, 86.5903, 83.5985];Stupidfamouspeople-PaparazziVideoOfMileyCyrusAtZ100AndDeniesAutographHoun625
456;[43.16935, 44.3866, 45.7031];Stupidfamouspeople-PhilCollinsHasNoTimeForHisFansInNewYorkCity729
457;[37.30345, 27.25485, 20.70575];Stupidfamouspeople-RichardDreyfussLeavesThePremiereOfWInNewYorkCity378
458;[62.7942, 55.6431, 46.391];Stupidfamouspeople-RosiePerezAtTheWMoviePremiereInNewYorkCity493
459;[54.602128571428565, 51.17340714285713, 46.507642857142855];Stupidfamouspeople-SofiaCoppolaArrivesToMarcJacobsSpring2009InNewYorkCit929
460;[42.371183333333335, 40.27274166666667, 34.453775];Stupidfamouspeople-TomCruiseAndKatieHolmesReturnHomeAfterAllMySonsOpenin152
461;[49.033474999999996, 48.904125, 47.05832499999999];Stupidfamouspeople-TomCruiseJadaPinkettSmithSneakIntoKatieHolmesPlay566
462;[33.548100000000005, 33.8607, 35.30755];Stupidfamouspeople-UglyAgynessDeynAndAlbertHammondJrOfTheStrokesLeavingM278
463;[79.1259, 72.3327, 71.9779];Subfightercom-BraboChokeFromHalfGuard226
464;[88.00514, 97.44678, 111.78164000000001];Subfightercom-SideToBackPosition330
465;[57.52868571428572, 53.188071428571426, 44.16230714285714];SynchroTheatre-123VideoTrailer550
466;[0.1703, 0.1717, 0.3214];SynchroTheatre-Hello287
467;[59.795333333333325, 61.29730000000001, 58.31248333333334];SynchroTheatre-SnowQueenTeaser651
468;[66.80203333333333, 52.68666666666667, 43.79716666666667];Talkradionewsservice-CongressmanRoyBluntTalksAboutTheHouseInterruptingTheMem944
469;[115.0119, 110.17465, 100.13130000000001];TastingNotesAtDistrict-RoccapiaSangioveseChiantiTuscanyItaly2007862
470;[162.66377083333336, 110.69868333333335, 66.76332916666668];Teatips-TeaTipsEpisode14CravingTeas761
471;[178.2738, 131.5304, 91.6375];Teatips-TeaTipsEpisode851952PuerhTea598
472;[100.48936818181818, 99.06298636363634, 95.63982272727274];Thatsportsshow-ThatSportsShowBlazingShootingAndCrossDressing920
473;[111.72494999999994, 101.27030909090912, 87.86568636363633];Thatsportsshow-ThatSportsShowMarburyPitBullsAndInterns384
474;[115.05344999999996, 112.33978076923069, 111.34483846153853];Thatsportsshow-ThatSportsShowPartyBoatsAndGunshots852
475;[119.70669999999998, 117.63094999999998, 115.17891666666664];Thatsportsshow-ThatSportsShowTerrellOwens985
476;[97.61130000000003, 93.60871333333328, 92.25085999999996];Thatsportsshow-ThatSportsShowThugsPunksAndMarkCuban250
477;[91.83195999999998, 88.12120400000005, 89.19046799999997];Thatsportsshow-ThatSportsShowWeHardlyKnewYe621
478;[84.7607233333334, 103.12061333333334, 111.95587666666673];Thatsportsshow-TwitsTwitterAndMattStraqsHeadExploding895
479;[75.02445333333331, 73.62896666666667, 79.92836000000001];TheEpicSeason-JesseCsincsak357
480;[106.1910703703704, 124.58501851851855, 137.53551481481483];TheEpicSeason-VailResortsPresentsBeaverCreekColorado743
481;[129.16188333333332, 123.25986111111112, 139.3947305555556];TheEpicSeason-VailResortsPresentsKeystoneColorado964
482;[50.8946, 62.5235, 79.6268];TheEpicSeason-VailSnowdaze252
483;[53.4938, 57.94, 47.8569];Theexsmoker-WelcomeToTheExSmokercom729
484;[61.653707692307684, 55.62113846153845, 45.999446153846144];TheJAMAREPORT-ADULTSTEMCELLSAREHELPINGPATIENTSWITHAUTOIMMUNEDISEASESA376
485;[48.806148, 56.119812, 51.781044];TheJAMAREPORT-ADVANCESINGENETICMEDICINEAREGREATBUTSOMEHEALTHCAREWORKE804
486;[127.56812857142855, 122.34974999999997, 116.43726428571428];TheJAMAREPORT-BABIESBORNPREMATUREMAYHAVECONTINUEDHEALTHRISKSDURINGCHI237
487;[79.99028333333332, 83.77725833333331, 79.08674583333332];TheJAMAREPORT-BISPHENOLAASSOCIATEDWITHANINCREASEDRISKOFDISEASEINADUL565
488;[101.55634799999999, 105.96097599999999, 96.82775999999998];TheJAMAREPORT-CHANGESTOMEDICAREANDACCESSTOCAREFORCANCERPATIENTS318
489;[61.593479166666675, 63.7707541666667, 63.34772083333335];TheJAMAREPORT-COMBINATIONOFMAMMOGRAPHYANDULTRASOUNDINCREASESDETECTIONOF782
490;[103.86479599999998, 99.46334399999999, 90.342924];TheJAMAREPORT-COSTOFTREATINGSPINEPROBLEMSINCREASESBUTPATIENTSONAVERAG415
491;[47.09480869565217, 53.746569565217385, 60.9873];TheJAMAREPORT-FAMILYHISTORYOFCOLORECTALCANCERMAYIMPROVECHANCEOFSURVIV604
492;[141.51158148148147, 144.42284074074072, 129.87355555555555];TheJAMAREPORT-FATNESSVERSUSFITNESSCARDIOVASCULARFITNESSAPPEARSMOREIMPOR970
493;[65.0008612903226, 68.05207096774197, 74.88349032258064];TheJAMAREPORT-GENEMUTATIONMAYHELPEXPLAINDIFFERENCEINLUNGFUNCTIONAMONG450
494;[106.86720869565217, 97.37264347826087, 88.84405652173915];TheJAMAREPORT-HIVINFECTIONRATESINUSHIGHERTHANFIRSTTHOUGHT184
495;[61.653707692307684, 55.62113846153845, 45.999446153846144];TheJAMAREPORT-HOSPITALIZEDPATIENTSARELESSLIKELYTOSURVIVECARDIACARREST590
496;[98.264895, 103.38534, 101.10004];TheJAMAREPORT-LOWERBLOODPRESSUREANDCHOLESTEROLTARGETSFORDIABETICSMAYR892
497;[41.49319999999997, 38.24830666666664, 38.18074666666664];TheJAMAREPORT-MERCKFAILSTODISCLOSEMORTALITYRISKASSOCIATEDWITHVIOXX529
498;[56.95812380952382, 56.67546666666666, 46.875076190476165];TheJAMAREPORT-MILITARYTROOPSRETURNINGFROMCOMBATMAYEXPERIENCEBINGEDRINK180
499;[100.11641724137932, 91.75520689655174, 72.73434827586208];TheJAMAREPORT-MONITORINGBLOODPRESSUREATHOMEANDONASECUREWEBSITEMAYH793
500;[96.70075000000001, 102.04932500000001, 81.465125];TheJAMAREPORT-OBESITYLEVELSAMONGCHILDRENANDTEENSSTABILIZE688
501;[104.83149999999998, 101.3981076923077, 90.45377692307694];TheJAMAREPORT-PATIENTSLIVINGINRURALAREASARELESSLIKELYTORECEIVEORGAN429
502;[55.05655652173918, 54.33852173913048, 45.11678695652172];TheJAMAREPORT-RESEARCHERSIDENTIFYPREDICTORSFORSPINEFRACTURESMOSTCOMMON338
503;[57.77056, 56.55324, 50.33642];TheJAMAREPORT-RESEARCHERSSTUDYUSFAMILIESINWHICHATLEASTONEPARENTHASH276
504;[62.13514583333333, 62.13477916666668, 49.35663333333338];TheJAMAREPORT-ROUTINECARDIACCATHETERIZATIONBENEFITSSOMEWOMENWITHHEARTD782
505;[121.76138461538461, 110.90578076923076, 94.12007692307694];TheJAMAREPORT-SOMEPATIENTSNOTABLETOAFFORDPRESCRIPTIONSDESPITEENROLLING660
506;[92.23783043478262, 89.7716347826087, 78.31849565217391];TheJAMAREPORT-STJOHNSWORTDOESNOTIMPROVESYMPTOMSOFATTENTIONDEFICITHYPE461
507;[117.7417045454546, 96.14086363636365, 85.1761409090909];TheJAMAREPORT-STUDYFINDSASSOCIATIONBETWEENDIABETESANDDEPRESSION881
508;[64.40085624999999, 71.71871875000001, 76.37164375000005];TheJAMAREPORT-STUDYFINDSBETTERQUALITYOFLIFEFORTERMINALLYILLPATIENTSW666
509;[65.51896, 69.53386, 78.176536];TheJAMAREPORT-STUDYFINDSBVITAMINSDONOTHELPPREVENTHEARTATTACKSORSTRO962
510;[69.92276923076925, 65.86835769230771, 55.244342307692335];TheJAMAREPORT-STUDYFINDSDIVERSITYWITHINUSMEDICALSCHOOLSHELPSTOTREATA629
511;[55.833265000000004, 57.470925, 52.008655];TheJAMAREPORT-STUDYFINDSGINKGOBILOBADOESNOTHELPPREVENTDEMENTIAANDALZ761
512;[64.63995263157895, 59.494926315789456, 55.89294210526317];TheJAMAREPORT-STUDYFINDSHIGHDOSEINTAKEOFTHREEBVITAMINS578
513;[100.16809411764706, 93.67534705882353, 83.66456470588234];TheJAMAREPORT-STUDYFINDSHIGHDOSEINTAKEOFTHREEBVITAMINSDOESNOTREDUCE116
514;[53.18135625, 55.44725, 51.30839374999999];TheJAMAREPORT-STUDYFINDSHIGHDOSEINTAKEOFVITAMINSCEDOESNOTREDUCERIS816
515;[78.20621875, 72.05359687500001, 55.11579999999999];TheJAMAREPORT-STUDYFINDSMANYCHILDRENARENOTGETTINGTHEPHYSICALACTIVITY334
516;[107.8940448275862, 105.67013103448272, 97.2307172413793];TheJAMAREPORT-STUDYFINDSMARIJUANASMOKINGISRISKFACTORFORGUMDISEASE519
517;[54.7823947368421, 58.60417368421055, 59.946684210526286];TheJAMAREPORT-STUDYFINDSPHYSICALACTIVITYMAYHELPIMPROVECOGNITIVEFUNCTIO827
518;[60.175121052631575, 58.476194736842096, 49.21154210526316];TheJAMAREPORT-STUDYFINDSPOPCORNNUTSANDCORNDONOTINCREASETHEINCIDENCE585
519;[85.61768400000001, 82.21010800000002, 69.853824];TheJAMAREPORT-STUDYFINDSRACIALDISPARITYNOLONGERASSOCIATEDWITHNATIONSC280
520;[102.557335, 92.875515, 94.50724999999998];TheJAMAREPORT-STUDYFINDSSIGNIFICANTDIFFERENCESINCARDIACARRESTINCIDENCE764
521;[105.09731363636361, 104.46534090909091, 90.7640590909091];TheJAMAREPORT-STUDYMEASURESPREVALENCEOFCANCERCAUSINGGENEMUTATIONINHISP365
522;[59.9602472222222, 58.805658333333355, 46.52155833333338];TheJAMAREPORT-STUDYSHOWSCHANGEINLIFESYTLEHABITS389
523;[117.69078571428571, 105.34957142857141, 92.5652380952381];TheJAMAREPORT-TEENAGERSWHODONATEBLOODMAYEXPERIENCEANADVERSEREACTION941
524;[68.89373750000001, 65.84233125000002, 55.998821875000004];TheJAMAREPORT-TESTOSTERONESUPPLEMENTATIONNOTBENEFICIALINCOMBATINGMOSTEF226
525;[116.58410800000001, 113.792852, 115.04367599999996];TheJAMAREPORT-VIAGRAAPPEARSTOHELPTREATANTIDEPRESSANTRELATEDSEXUALSIDE318
526;[64.96208695652172, 62.39123913043475, 65.0077956521739];TheJAMAREPORT-VITAMINEIMPORTANTTOPHYSICALHEALTHASYOUAGE908
527;[116.3941705882353, 119.82182647058823, 117.69633529411765];TheJAMAREPORT-WEIGHTLOSSDRUGSHOWSPROMISEFORHELPINGTHOSEWITHCORONARYH748
528;[44.969793333333286, 49.63437999999995, 43.103959999999944];TheJAMAREPORT-WOMENREMAINATRISKFORBREASTCANCERTHREEYEARSAFTERSTOPPIN770
529;[76.67360645161298, 74.89401612903232, 67.22337419354842];TheJAMAREPORT-WOMENWHOQUITSMOKINGCANDECREASETHEIRRISKOFCERTAINFATAL707
530;[77.325475, 48.695499999999996, 73.8013875];TheOintment-4000th264
531;[82.17125555555556, 53.11184444444445, 72.73740000000001];TheOintment-BlackAndWhite502
532;[87.54201428571427, 56.816585714285715, 78.68372857142856];TheOintment-ClintonAccusesObamaOfPlagiarism180
533;[77.90513000000001, 51.462520000000005, 82.14990999999999];TheOintment-DaddysUterusAndOtherStories958
534;[105.55391, 74.27046, 81.35222];TheOintment-EncoreSuperTuesdayUpdate896
535;[116.40304736842108, 100.31991578947368, 93.81526315789475];TheOintment-FakeHillaryClintonAdExperienceMatters814
536;[76.478175, 46.21011250000001, 74.115775];TheOintment-FridayFreshness590
537;[68.0853, 47.2825125, 74.4887625];TheOintment-GasPain438
538;[65.44426666666666, 45.9579, 83.3167888888889];TheOintment-HappyMothersDay180
539;[83.46371111111111, 53.856899999999996, 85.22713333333334];TheOintment-JuniorSuperTuesday715
540;[94.9084142857143, 58.58612857142857, 66.29527142857144];TheOintment-MondayMadness320
541;[81.89094285714285, 53.64684285714286, 83.11494285714285];TheOintment-NotSoSuperDelegates487
542;[78.1068, 52.5056, 73.39971];TheOintment-ObamaClintonGrudgeMatch758
543;[114.916725, 97.37738333333334, 103.08977500000002];TheOintment-TaxDeadline756
544;[69.59697142857144, 48.47680000000001, 91.20252857142857];TheOintment-WeekInReview22208481
545;[73.44633333333333, 53.462066666666665, 100.21284];TheOintment-WeekInReview4408583
546;[64.66629600000002, 48.8896, 76.65671599999997];TheOintment-WithFriendsLikeThese940
547;[60.27790000000001, 53.91943333333334, 46.249599999999994];TheWineVault-CentralOtagoVsMarlboroughPinotNoirWVTVEpisode74534
548;[74.09560638297876, 78.38243617021278, 84.43539361702125];TLDM-CharismaticDelusionPart1Of4741
549;[99.28336999999999, 98.98069000000001, 98.95152];TLDM-TheMiraculousStoryOfBaysidePart10Of11607
550;[87.0575, 85.4004, 79.3627];TLDM-TheMiraculousStoryOfBaysidePart11Of11993
551;[111.51975294117649, 103.46033529411766, 80.08779411764705];TLDM-TheMiraculousStoryOfBaysidePart3Of11630
552;[124.34757777777772, 110.45325277777769, 94.07185833333327];TLDM-TheMiraculousStoryOfBaysidePart7Of11111
553;[98.19456666666667, 97.46246666666667, 102.5598];Tooncast-TalkLikeAPirateDay993
554;[73.04452666666664, 69.44753333333333, 50.98215333333333];UBM-02050dManchildAndBride04944
555;[77.2596725, 67.86186000000002, 32.106275000000004];Underlab-ShortFilmsDawnDubrielsTheLastDutchess521
556;[87.3566, 95.9244, 102.04195];Useeblu-BlubrryJamIsComing335
557;[138.9005653846154, 89.14278846153843, 88.02615769230768];VirginBob-CourteenersToHeadlineNextVFestival406
558;[57.51879999999999, 45.720800000000004, 36.250350000000005];VirginBob-CutCopyVFestivalMelbourne450
559;[24.5442, 19.4449, 15.2456];VirginBob-DuranDuranVFestivalMelbourne275
560;[60.06765, 52.00885, 34.52705];VirginBob-PresetsVFestivalMelbourne656
561;[36.09761666666667, 30.794683333333335, 31.11035];VirginBob-VFestivalPerthAustraliaPart3367
562;[65.16507142857142, 63.3260857142857, 61.84664285714286];VirginBob-VFestivalPerthAustraliaPart4584
563;[108.67319999999997, 108.57691666666666, 105.60743333333333];VirginBob-VFestivalStealsTheSunshine834
564;[134.6294, 119.4048, 112.9318];VirginBob-WhipcrackinVFestival241
565;[118.55324347826087, 105.65922173913042, 96.97669130434784];Wardy-Episode36CheeseSteak697
566;[60.8353, 45.7182, 44.082150000000006];Wardy-Episode71Announcement737
567;[87.15698, 75.56278, 66.34750000000001];Wardy-RestaurantFoodFastEpisode24494
568;[128.11954545454543, 124.13889090909093, 105.31859090909091];Weldon-BradyWiederholdKneeDrill2380
569;[110.20945416666667, 110.36081250000005, 94.77586666666663];Weldon-DrHollingsworthAcupuncture313
570;[94.40527194244603, 99.71912230215825, 86.38066474820145];WybaK-MIRACLEKAABAAVOIR920
571;[35.77825, 26.620649999999998, 27.84675];Wyshy-IJoebotConfessional600
